# Host: localhost  (Version: 5.5.40-log)
# Date: 2017-05-29 23:57:13
# Generator: MySQL-Front 5.3  (Build 4.120)

/*!40101 SET NAMES utf8 */;

#
# Structure for table "admin_role_permission"
#

DROP TABLE IF EXISTS `admin_role_permission`;
CREATE TABLE `admin_role_permission` (
  `Id` int(11) NOT NULL AUTO_INCREMENT,
  `name` varchar(255) NOT NULL DEFAULT '' COMMENT '角色名称',
  `uri` varchar(100) NOT NULL DEFAULT '' COMMENT '此权限对应的uri',
  PRIMARY KEY (`Id`)
) ENGINE=InnoDB AUTO_INCREMENT=5 DEFAULT CHARSET=utf8 COMMENT='角色权限分配';

#
# Data for table "admin_role_permission"
#

INSERT INTO `admin_role_permission` VALUES (1,'BANZHU','/Bbs/**'),(2,'ADMIN','/Admin/**'),(3,'DATABASE','/Admin/DataBase/**'),(4,'SUPER_ADMIN','/Admin/Super/**');

#
# Structure for table "check_code"
#

DROP TABLE IF EXISTS `check_code`;
CREATE TABLE `check_code` (
  `Id` int(11) NOT NULL AUTO_INCREMENT,
  `check_var` varchar(64) NOT NULL DEFAULT '' COMMENT '电话号码or邮箱',
  `check_code` varchar(10) NOT NULL DEFAULT '0' COMMENT '验证码',
  `code_date` datetime NOT NULL DEFAULT '0000-00-00 00:00:00' COMMENT '注册时间',
  `status` tinyint(1) NOT NULL DEFAULT '0' COMMENT '0为未使用，1为已经使用',
  PRIMARY KEY (`Id`)
) ENGINE=InnoDB AUTO_INCREMENT=6 DEFAULT CHARSET=utf8 COMMENT='验证码表';

#
# Data for table "check_code"
#

INSERT INTO `check_code` VALUES (1,'13631782672','8779','2017-02-13 13:41:10',0),(3,'13250479087','9712','2017-03-03 14:03:28',1),(4,'742820157@qq.com','8664','2017-03-03 14:34:48',1),(5,'13635874569','5296','2017-03-11 10:34:22',0);

#
# Structure for table "config"
#

DROP TABLE IF EXISTS `config`;
CREATE TABLE `config` (
  `Id` int(11) NOT NULL AUTO_INCREMENT,
  `web_title` varchar(255) NOT NULL DEFAULT '' COMMENT '网站标题',
  `web_description` varchar(255) NOT NULL DEFAULT '' COMMENT '网站描述',
  `web_key_word` varchar(255) NOT NULL DEFAULT '' COMMENT '网站关键字',
  `domain` varchar(255) NOT NULL DEFAULT '' COMMENT '域名',
  `auth_expiry_date` int(11) NOT NULL DEFAULT '0' COMMENT '认证的有效期（s）',
  `max_error_times` int(11) NOT NULL DEFAULT '5' COMMENT '一天内同一IP所允许输入密码的最大次数',
  `max_send_email_times` int(11) NOT NULL DEFAULT '3' COMMENT '邮件发送最大次数',
  `max_send_mes_times` int(11) NOT NULL DEFAULT '3' COMMENT '短信发送最大次数',
  `email_host` varchar(255) NOT NULL DEFAULT '' COMMENT '邮箱host',
  `email_username` varchar(255) NOT NULL DEFAULT '' COMMENT '邮箱用户名',
  `email_pwd` varchar(255) NOT NULL DEFAULT '' COMMENT '邮箱密码',
  `email_title` varchar(255) NOT NULL DEFAULT '' COMMENT '邮箱标题',
  `email_pwd_content` varchar(512) NOT NULL DEFAULT '' COMMENT '找回密码邮件内容',
  `email_act_content` varchar(512) NOT NULL DEFAULT '' COMMENT '邮箱激活链接',
  PRIMARY KEY (`Id`)
) ENGINE=InnoDB AUTO_INCREMENT=2 DEFAULT CHARSET=utf8 COMMENT='服务配置';

#
# Data for table "config"
#

INSERT INTO `config` VALUES (1,'pouruan','pouruan科技','pouruan,ice,nice','http://localhost:8080',864000,5,5,5,'smtp.mxhichina.com','postmaster@icecms.cn','','剖软科技通知','亲爱的{0},你在{1}上申请找回密码，你的验证码为{2}，如非本人操作请无视','亲爱的{0},你在{1}上申请激活邮件，如是本人操作，请点击以下链接进行激活{2}，如非本人操作请无视');

#
# Structure for table "ip_limit"
#

DROP TABLE IF EXISTS `ip_limit`;
CREATE TABLE `ip_limit` (
  `Id` int(11) NOT NULL AUTO_INCREMENT,
  `ip` varchar(64) NOT NULL DEFAULT '' COMMENT '来源ip',
  `action_time` datetime NOT NULL DEFAULT '0000-00-00 00:00:00' COMMENT '请求时间',
  `type` tinyint(1) NOT NULL DEFAULT '0' COMMENT '0为登录最大次数，1为手机验证码发送最大次数，2为发邮件最大次数',
  `times` tinyint(3) NOT NULL DEFAULT '0' COMMENT '一天内可允许操作的最大次数',
  PRIMARY KEY (`Id`),
  UNIQUE KEY `u_iptype` (`ip`,`type`)
) ENGINE=InnoDB AUTO_INCREMENT=9 DEFAULT CHARSET=utf8 COMMENT='登录和注册日志';

#
# Data for table "ip_limit"
#

INSERT INTO `ip_limit` VALUES (1,'127.0.0.1','2017-04-30 14:34:26',0,2),(3,'127.0.0.1','2017-03-11 10:34:22',1,2),(6,'127.0.0.1','2017-03-05 11:30:00',2,3),(7,'172.27.40.43','2017-03-17 15:18:35',0,1),(8,'172.27.40.10','2017-03-17 15:25:39',0,1);

#
# Structure for table "module"
#

DROP TABLE IF EXISTS `module`;
CREATE TABLE `module` (
  `module_id` int(11) NOT NULL AUTO_INCREMENT,
  `module_name` varchar(255) NOT NULL DEFAULT '' COMMENT '分类名称',
  PRIMARY KEY (`module_id`),
  UNIQUE KEY `module_name` (`module_name`)
) ENGINE=InnoDB AUTO_INCREMENT=17 DEFAULT CHARSET=utf8 COMMENT='论坛分类';

#
# Data for table "module"
#

INSERT INTO `module` VALUES (1,'聊天灌水啊'),(2,'个第三代'),(4,'真的爱你123444'),(10,'test1074'),(15,'aaaa'),(16,'aaaaa');

#
# Structure for table "music"
#

DROP TABLE IF EXISTS `music`;
CREATE TABLE `music` (
  `Id` int(11) NOT NULL AUTO_INCREMENT,
  `name` varchar(255) NOT NULL DEFAULT '' COMMENT '音乐名称',
  `url` varchar(255) NOT NULL DEFAULT '' COMMENT '本地url地址',
  `lyric` varchar(10000) DEFAULT NULL COMMENT '歌词',
  `cover` varchar(255) DEFAULT NULL COMMENT '封面本地地址',
  `play_count` int(11) NOT NULL DEFAULT '0' COMMENT '播放次数',
  `last_play_time` datetime DEFAULT NULL COMMENT '最后的播放时间',
  `player` varchar(255) NOT NULL DEFAULT '' COMMENT '演唱者',
  `album` varchar(255) DEFAULT NULL COMMENT '专辑',
  PRIMARY KEY (`Id`)
) ENGINE=MyISAM AUTO_INCREMENT=4 DEFAULT CHARSET=utf8 COMMENT='音乐';

#
# Data for table "music"
#

/*!40000 ALTER TABLE `music` DISABLE KEYS */;
/*!40000 ALTER TABLE `music` ENABLE KEYS */;

#
# Structure for table "persistent_logins"
#

DROP TABLE IF EXISTS `persistent_logins`;
CREATE TABLE `persistent_logins` (
  `username` varchar(64) NOT NULL,
  `series` varchar(64) NOT NULL,
  `token` varchar(64) NOT NULL,
  `last_used` timestamp NOT NULL DEFAULT CURRENT_TIMESTAMP ON UPDATE CURRENT_TIMESTAMP,
  PRIMARY KEY (`series`)
) ENGINE=InnoDB DEFAULT CHARSET=utf8;

#
# Data for table "persistent_logins"
#

INSERT INTO `persistent_logins` VALUES ('13250479087','bmFaI23KHr9Qgx5QOSoH0g==','D18IkCc6Oz3HLRsnxgFCnw==','2017-04-30 14:34:27'),('13250479087','cYrgkuGtUKcvEr9RXvbsuA==','oTw5hFs6GH69h4YGJyhHyg==','2017-04-01 20:07:54'),('13631782672','EKFdmQrcnfeiC0jHRJIwCw==','CGfvTuRPzfdDK3Oen4i2Zg==','2017-03-30 08:07:44'),('13250479087','qIwe/L9M4FVGCfBim9JGcA==','ER6JGJVrYao76LgWvQv7Gw==','2017-03-31 09:55:50'),('13250479087','X0gCpdQbMivaSANui9o6fg==','+VD2PjKJ75Qwkjb9yusKnA==','2017-04-29 11:40:27'),('13250479087','XIeUerW+ZJ0Mx726cbocJg==','UKfHbLYAy5i3ZoPJhNR6ZA==','2017-04-09 14:52:51');

#
# Structure for table "user"
#

DROP TABLE IF EXISTS `user`;
CREATE TABLE `user` (
  `user_id` int(11) NOT NULL AUTO_INCREMENT COMMENT '用户id',
  `name` varchar(100) NOT NULL COMMENT '用户名',
  `password` varchar(64) NOT NULL DEFAULT '' COMMENT '用户密码',
  `email` varchar(100) DEFAULT NULL COMMENT '用户邮箱',
  `is_check_email` tinyint(1) NOT NULL DEFAULT '0' COMMENT '是否已经验证邮箱了',
  `email_act_code` varchar(255) DEFAULT '' COMMENT '邮箱激活码',
  `phone` varchar(11) NOT NULL COMMENT '手机号码',
  `register_date` datetime NOT NULL COMMENT '注册时间',
  `register_ip` varchar(64) NOT NULL COMMENT '注册ip',
  `portrait_img` varchar(300) DEFAULT NULL COMMENT '用户头像url',
  `status` tinyint(1) NOT NULL DEFAULT '1' COMMENT '用户状态',
  `character` varchar(300) DEFAULT NULL COMMENT '用户签名',
  PRIMARY KEY (`user_id`),
  UNIQUE KEY `phone` (`phone`),
  UNIQUE KEY `email` (`email`)
) ENGINE=InnoDB AUTO_INCREMENT=5 DEFAULT CHARSET=utf8 COMMENT='用户';

#
# Data for table "user"
#

INSERT INTO `user` VALUES (2,'小米','44823220ff36f099e788f28237960af1',NULL,0,'','13631782689','2000-01-01 01:00:00','127.0.0.1',NULL,1,NULL),(3,'卢建增','b1e53abf9bc550eb7023dc9a6f9e553a',NULL,0,'','13631782672','2017-02-13 13:43:29','127.0.0.1',NULL,1,NULL),(4,'卢建增','b1e53abf9bc550eb7023dc9a6f9e553a','742820157@qq.com',1,'4VpiTmmTp9dgTe6bUMW41/AnKbUBLIsOYYIuKuudY9uU=','13250479087','2017-02-26 19:13:29','127.0.0.1',NULL,1,NULL);

#
# Structure for table "post"
#

DROP TABLE IF EXISTS `post`;
CREATE TABLE `post` (
  `post_id` int(11) NOT NULL AUTO_INCREMENT COMMENT '帖子id',
  `title` varchar(100) NOT NULL COMMENT '标题',
  `content` longtext NOT NULL COMMENT '内容',
  `read_times` int(11) DEFAULT '0' COMMENT '阅读数',
  `last_respond_time` datetime NOT NULL DEFAULT '0000-00-00 00:00:00' COMMENT '最后回复时间',
  `add_date` datetime NOT NULL COMMENT '发表时间',
  `user_id` int(10) NOT NULL DEFAULT '0' COMMENT '用户id',
  `module_id` int(10) NOT NULL DEFAULT '0' COMMENT '分类ID',
  PRIMARY KEY (`post_id`),
  KEY `fk_post_user_id` (`user_id`),
  KEY `post_ibfk_1` (`module_id`),
  CONSTRAINT `fk_post_user_id` FOREIGN KEY (`user_id`) REFERENCES `user` (`user_id`) ON DELETE CASCADE ON UPDATE CASCADE,
  CONSTRAINT `post_ibfk_1` FOREIGN KEY (`module_id`) REFERENCES `module` (`module_id`) ON DELETE CASCADE ON UPDATE CASCADE
) ENGINE=InnoDB AUTO_INCREMENT=9 DEFAULT CHARSET=utf8 COMMENT='帖子';

#
# Data for table "post"
#

INSERT INTO `post` VALUES (3,'fdsfdsfsdfdsfdsfsdfdsfdsfsdfds','<p><img style=\"max-width:100%;\" src=\"http://api.map.baidu.com/staticimage?center=113.701897,23.054803&zoom=12&amp;width=478&amp;height=258&amp;markers=113.700747,23.095233|113.701897,23.054803|113.701897,23.054803|113.663953,23.060656\" class=\"\"></p><p id=\"abc\">dsfsd<br></p>',48,'2017-03-19 21:14:37','2017-03-19 21:14:37',4,1),(4,'sdfdsf ','<blockquote><p>fdsfsdfdsfdsf</p></blockquote><p><br></p>fdsfdsfsdfdsfdsfsdfdsfdsfsdfdsfdsfdsfsdfdsfdsfsdfdsfdsfsdfdsfdsfdsfsdfdsfdsfsdfdsfdsfsdfdsfdsfdsfsdfdsfdsfsdfdsfdsfsdfdsfdsfdsfsdfdsfdsfsdfdsfdsfsdfdsfdsfdsfsdfdsfdsfsdfdsfdsfsdfdsfdsfdsfsdfdsfdsfsdfdsfdsfsdfdsfdsfdsfsdfdsfdsfsdfdsfdsfsdfdsfdsfdsfsdfdsfdsfsdfdsfdsfsdfdsfdsfdsfsdfdsfdsfsdfdsfdsfsdfdsfdsfdsfsdfdsfdsfsdfdsfdsfsdfdsfdsfdsfsdfdsfdsfsdfdsfdsfsdfdsfdsfdsfsdfdsfdsfsdfdsfdsfsdfdsfdsfdsfsdfdsfdsfsdfdsfdsfsdfdsfdsfdsfsdfdsfdsfsdfdsfdsfsdfdsfdsfdsfsdfdsfdsfsdfdsfdsfsdfdsfdsfdsfsdfdsfdsfsdfdsfdsfsdfdsfdsfdsfsdfdsfdsfsdfdsfdsfsdfdsfdsfdsfsdfdsfdsfsdfdsfdsfsdfdsfdsfdsfsdfdsfdsfsdfdsfdsfsdfdsfdsfdsfsdfdsfdsfsdfdsfdsfsdfdsfdsfdsfsdfdsfdsfsdfdsfdsfsdfdsfdsfdsfsdfdsfdsfsdfdsfdsfsdfdsfdsfdsfsdfdsfdsfsdfdsfdsfsdfdsfdsfdsfsdfdsfdsfsdfdsfdsfsdfdsfdsfdsfsdfdsfdsfsdfdsfdsfsdfdsfdsfdsfsdfdsfdsfsdfdsfdsfsdfdsfdsfdsfsdfdsfdsfsdfdsfdsfsdfdsfdsfdsfsdfdsfdsfsdfdsfdsfsdfdsfdsfdsfsdfdsfdsfsdfdsfdsfsdfdsfdsfdsfsdfdsfdsfsdfdsfdsfsdfdsfdsfdsfsdfdsfdsfsdfdsfdsfsdfdsfdsfdsfsdfdsfdsfsdfdsfdsfsdfdsfdsfdsfsdfdsfdsfsdfdsfdsfsdfdsfdsfdsfsdfdsfdsfsdfdsfdsfsdfdsfdsfdsfsdfdsfdsfsdfdsfdsfsdfdsfdsfdsfsdfdsfdsfsdfdsfdsfsdfdsfdsfdsfsdfdsfdsfsdfdsfdsfsdfdsfdsfdsfsdfdsfdsfsdfdsfdsfsdfdsfdsfdsfsdfdsfdsfsdfdsfdsfsdfdsfdsfdsfsdfdsfdsfsdfdsfdsfsdfdsfdsfdsfsdfdsfdsfsdfdsfdsfsdfdsfdsfdsfsdfdsfdsfsdfdsfdsfsdfdsfdsfdsfsdfdsfdsfsdfdsfdsfsdfdsfdsfdsfsdfdsfdsfsdfdsfdsfsdfdsfdsfdsfsdfdsfdsfsdfdsfdsfsdfdsfdsfdsfsdfdsfdsfsdfdsfdsfsdfdsfdsfdsfsdfdsfdsfsdfdsfdsfsdfdsfdsfdsfsdfdsfdsfsdfdsfdsfsdfdsfdsfdsfsdfdsfdsfsdfdsfdsfsdfdsfdsfdsfsdfdsfdsfsdfdsfdsfsdfdsfdsfdsfsdfdsfdsfsdfdsfdsfsdfdsfdsfdsfsdfdsfdsfsdfdsfdsfsdfdsfdsfdsfsdfdsfdsfsdfdsfdsfsdfdsfdsfdsfsdfdsfdsfsdfdsfdsfsdfdsfdsfdsfsdfdsfdsfsdfdsfdsfsdfdsfdsfdsfsdfdsfdsfsdfdsfdsfsdfdsfdsfdsfsdfdsfdsfsdfdsfdsfsdfdsfdsfdsfsdfdsfdsfsdfdsfdsfsdfdsfdsfdsfsdfdsfdsfsdfdsfdsfsdfds',0,'2017-03-19 21:45:25','2017-03-19 21:45:25',4,1),(5,'发的规范的给多个','<p><img style=\"max-width:100%;\" src=\"http://api.map.baidu.com/staticimage?center=113.701897,23.054803&zoom=12&amp;width=478&amp;height=258&amp;markers=113.700747,23.095233|113.701897,23.054803|113.701897,23.054803|113.663953,23.060656\" class=\"\"></p><p id=\"abc\">465456<br></p>\'',13,'2017-03-29 16:12:19','2017-03-24 15:27:35',4,1),(6,'45665','<p><img style=\"max-width:100%;\" src=\"http://api.map.baidu.com/staticimage?center=113.701897,23.054803&zoom=12&amp;width=478&amp;height=258&amp;markers=113.700747,23.095233|113.701897,23.054803|113.701897,23.054803|113.663953,23.060656\" class=\"\"></p><p id=\"abc\">465456<br></p>\'<IMG SRC=javascript:alert(\"XSS\")>',6,'2017-03-29 10:59:57','2017-03-24 18:52:36',4,1),(7,'dasdad','<p>sdaasd<br></p>',15,'2017-04-29 12:45:08','2017-03-29 12:19:31',4,2),(8,'54644646646','<p>5446698798787897515213<br></p>',0,'2017-04-29 12:19:38','2017-04-29 12:19:38',4,10);

#
# Structure for table "post_reply"
#

DROP TABLE IF EXISTS `post_reply`;
CREATE TABLE `post_reply` (
  `reply_id` int(11) NOT NULL AUTO_INCREMENT COMMENT '回复id',
  `post_id` int(11) NOT NULL COMMENT '所属帖子id',
  `content` longtext NOT NULL COMMENT '回复的内容',
  `date` datetime NOT NULL COMMENT '回复时间',
  `user_id` int(10) NOT NULL DEFAULT '0',
  PRIMARY KEY (`reply_id`),
  KEY `fk_post_id` (`post_id`),
  KEY `fk_post_reply_user_id` (`user_id`),
  CONSTRAINT `fk_post_id` FOREIGN KEY (`post_id`) REFERENCES `post` (`post_id`) ON DELETE CASCADE ON UPDATE CASCADE,
  CONSTRAINT `fk_user_id_r` FOREIGN KEY (`user_id`) REFERENCES `user` (`user_id`) ON DELETE CASCADE ON UPDATE CASCADE
) ENGINE=InnoDB AUTO_INCREMENT=24 DEFAULT CHARSET=utf8 COMMENT='回复';

#
# Data for table "post_reply"
#

INSERT INTO `post_reply` VALUES (1,3,'564654','2010-01-01 00:00:00',3),(2,3,'6546654654654665465465466546546546654654654665465465466546546546654654654665465465466546546546654654654665465465466546546546654654654665465465466546546546654654654665465465466546546546654654654665465465466546546546654654654665465465466546546546654654654665465465466546546546654654654665465465466546546546654654654665465465466546546546654654654665465465466546546546654654654665465465466546546546654654','2010-01-01 00:00:00',3),(3,3,'<p>倒萨大<br></p>','2017-03-27 14:39:36',4),(4,3,'<p>你很棒哦<br></p>','2017-03-27 14:39:57',4),(5,3,'<p>54665465465466546546546654654654665465465466546546546654654654665465465466546546546654654654665465465466546546546654654654665465465466546546546654654654665465465466546546546654654654665465465466546546546654654654665465465466546546546654654</p><p><br></p>','2017-03-27 14:40:06',4),(6,3,'<p>发放水电费水电费<br></p>','2017-03-27 14:40:12',4),(7,3,'<p>54665465465466546546546654654654665465465466546546546654654654665465465466546546546654654654665465465466546546546654654654665465465466546546546654654654665465465466546546546654654654665465465466546546546654654654665465465466546546546654654</p><p><br></p>','2017-03-27 14:40:16',4),(8,3,'<p>54665465465466546546546654654654665465465466546546546654654654665465465466546546546654654654665465465466546546546654654654665465465466546546546654654654665465465466546546546654654654665465465466546546546654654654665465465466546546546654654</p><p><br></p>','2017-03-27 14:40:20',4),(9,3,'<p>54665465465466546546546654654654665465465466546546546654654654665465465466546546546654654654665465465466546546546654654654665465465466546546546654654654665465465466546546546654654654665465465466546546546654654654665465465466546546546654654</p><p><br></p>','2017-03-27 14:40:25',4),(10,3,'<p>54665465465466546546546654654654665465465466546546546654654654665465465466546546546654654654665465465466546546546654654654665465465466546546546654654654665465465466546546546654654654665465465466546546546654654654665465465466546546546654654</p><p><br></p>','2017-03-27 14:40:30',4),(11,3,'<p>54665465465466546546546654654654665465465466546546546654654654665465465466546546546654654654665465465466546546546654654654665465465466546546546654654654665465465466546546546654654654665465465466546546546654654654665465465466546546546654654</p><p><br></p>','2017-03-27 14:40:35',4),(12,3,'<p>sdfsdfsdf</p><p><br></p>','2017-03-27 17:02:47',4),(13,3,'<p>sdfsdfsdf</p><p><br></p>','2017-03-27 17:04:36',4),(14,3,'<p>sdfsdfsdf</p><p><br></p>','2017-03-27 17:05:53',4),(15,3,'<p>fdfsdf<br></p>','2017-03-27 17:26:14',4),(16,6,'<p>fdfsdf <br></p>','2017-03-28 12:07:28',4),(17,6,'<p>fdsfsdfsfsdfsdf<br></p>','2017-03-28 12:07:35',4),(18,6,'<p>gfdgdfgdg<br></p>','2017-03-29 10:59:57',4),(19,5,'<p>dsdad<br></p>','2017-03-29 11:00:37',4),(20,7,'<p>dasdadadadasd<br></p>','2017-03-29 12:19:50',4),(21,5,'<p>aaaaaaaaaaaaaaa<br></p>','2017-03-29 16:12:10',4),(22,5,'<p><strike><i>sadasdad</i></strike><br></p><p><br></p>','2017-03-29 16:12:19',4),(23,7,'<p>fdgfgfdggdf<br></p>','2017-04-29 12:45:08',4);

#
# Structure for table "message"
#

DROP TABLE IF EXISTS `message`;
CREATE TABLE `message` (
  `message_id` int(11) NOT NULL AUTO_INCREMENT,
  `content` varchar(1000) NOT NULL DEFAULT '' COMMENT '消息内容',
  `from_user` int(10) NOT NULL COMMENT '发送者',
  `to_user` int(10) NOT NULL COMMENT '接受者',
  `date` datetime NOT NULL COMMENT '发送时间',
  `if_read` tinyint(1) NOT NULL DEFAULT '0' COMMENT '是否已经阅读',
  `type` tinyint(1) NOT NULL DEFAULT '0' COMMENT '0为私信，1为@消息',
  PRIMARY KEY (`message_id`),
  KEY `fk_from_user_id` (`from_user`),
  KEY `fk_to_user_id` (`to_user`),
  CONSTRAINT `fk_from_user_id` FOREIGN KEY (`from_user`) REFERENCES `user` (`user_id`) ON DELETE CASCADE ON UPDATE CASCADE,
  CONSTRAINT `fk_to_user_id` FOREIGN KEY (`to_user`) REFERENCES `user` (`user_id`) ON DELETE CASCADE ON UPDATE CASCADE
) ENGINE=InnoDB AUTO_INCREMENT=33 DEFAULT CHARSET=utf8 COMMENT='消息';

#
# Data for table "message"
#

INSERT INTO `message` VALUES (1,'4654',4,2,'2017-03-07 11:14:27',0,0),(2,'地方师傅的说法地方师傅的说法地方师傅的说法地方师傅的说法地方师傅的说法地方师傅的说法地方师傅的说法地方师傅的说法地方师傅的说法地方师傅的说法地方师傅的说法地方师傅的说法地方师傅的说法地方师傅的说法地方师傅的说法地方师傅的说法地方师傅的说法地方师傅的说法地方师傅的说法地方师傅的说法地方师傅的说法地方师傅的说法',4,2,'2017-03-07 11:19:02',0,0),(3,'和规范化风格和',4,2,'2017-03-07 11:19:12',0,0),(4,'8768766',4,2,'2017-03-07 11:19:26',0,0),(5,'545646',4,2,'2017-03-07 11:19:56',1,0),(6,'1',3,4,'2017-03-07 11:21:33',1,0),(7,'gsgfd',4,2,'2017-03-07 15:32:58',0,0),(8,'gsgfdgsgfdgsgfdgsgfdgsgfdgsgfdgsgfdgsgfdgsgfdgsgfdgsgfdgsgfdgsgfdgsgfdgsgfdgsgfdgsgfdgsgfdgsgfdgsgfdgsgfdgsgfdgsgfdgsgfdgsgfdgsgfdgsgfdgsgfdgsgfdgsgfdgsgfdgsgfdgsgfdgsgfdgsgfdgsgfdgsgfdgsgfdgsgfdgsgfdgsgfdgsgfdgsgfdgsgfdgsgfdgsgfdgsgfdgsgfdgsgfdgsgfdgsgfd',4,2,'2017-03-07 15:33:14',0,0),(9,'gsgfdgsgfdgsgfd',4,2,'2017-03-07 15:33:25',0,0),(10,'hfghfghfghfss',4,2,'2017-03-07 15:33:36',0,0),(11,';o;iohgjhgjgh',4,2,'2017-03-07 15:33:56',0,0),(12,'ytrrrrruuuuuuuuuuuuuuuuuuuufgjgjfgfhfgggggggggggggggggg',4,2,'2017-03-07 15:34:08',0,0),(13,'&amp;amp;lt;alert&amp;amp;gt;(123)(*&amp;amp;amp;^%$#@!)&amp;amp;lt;/alert&amp;amp;gt;',4,2,'2017-03-07 16:09:05',0,0),(14,'<',4,2,'2017-03-07 16:11:01',0,0),(15,'<alert>(123)(*&^%$#@!)</alert>',4,2,'2017-03-07 16:11:30',0,0),(16,'<alert>(123)(*&^%$#@!)</alert>你好',4,2,'2017-03-07 16:15:14',0,0),(17,'<p>some html</p>',4,2,'2017-03-07 16:17:22',0,0),(18,'&lt;alert&gt;(123)(*&amp;^%$#@!)&lt;/alert&gt;  你好 StringEscapeUtils.escapeHtml4(content)',4,2,'2017-03-07 16:18:35',0,0),(19,'个梵蒂冈梵蒂冈',3,4,'2017-03-10 22:04:57',1,0),(20,'331312',3,4,'2017-03-10 22:05:23',1,0),(21,'6545656',3,4,'2017-03-11 09:54:54',1,0),(22,'基站',3,4,'2017-03-12 09:18:57',1,0),(23,'45664个梵蒂冈梵蒂冈个梵蒂冈梵蒂冈个梵蒂冈梵蒂冈个梵蒂冈梵蒂冈个梵蒂冈梵蒂冈个梵蒂冈梵蒂冈个梵蒂冈梵蒂冈个梵蒂冈梵蒂冈个梵蒂冈梵蒂冈个梵蒂冈梵蒂冈个梵蒂冈梵蒂冈个梵蒂冈梵蒂冈个梵蒂冈梵蒂冈个梵蒂冈梵蒂冈个梵蒂冈梵蒂冈个梵蒂冈梵蒂冈个梵蒂冈梵蒂冈个梵蒂冈梵蒂冈个梵蒂冈梵蒂冈个梵蒂冈梵蒂冈个梵蒂冈梵蒂冈个梵蒂冈梵蒂冈个梵蒂冈梵蒂冈个梵蒂冈梵蒂冈个梵蒂冈梵蒂冈个梵蒂冈梵蒂冈个梵蒂冈梵蒂冈个梵蒂冈梵蒂冈个梵蒂冈梵蒂冈个梵蒂冈梵蒂冈个梵蒂冈梵蒂冈个梵蒂冈梵蒂冈个梵蒂冈梵蒂冈个梵蒂冈梵蒂冈个梵蒂冈梵蒂冈',3,4,'2017-03-12 16:17:09',1,0),(24,'dgfdgdg',4,3,'2017-03-16 21:32:58',0,0),(25,'fdsfsfsdf',4,3,'2017-03-16 21:34:21',0,0),(26,'test',3,4,'2017-03-17 08:59:38',1,0),(27,'test',3,4,'2017-03-17 09:03:25',1,0),(28,'test',3,4,'2017-03-17 09:04:31',1,0),(29,'梵蒂冈梵蒂冈',4,3,'2017-03-17 10:09:25',0,0),(30,'test',3,4,'2017-03-18 10:18:12',1,0),(31,'test',3,4,'2017-03-18 19:43:29',1,0),(32,'xsfdsfsd',4,3,'2017-04-29 12:15:35',0,0);

#
# Structure for table "authentication"
#

DROP TABLE IF EXISTS `authentication`;
CREATE TABLE `authentication` (
  `user_id` int(11) NOT NULL DEFAULT '0' COMMENT '用户id',
  `authentication_key` varchar(64) NOT NULL COMMENT '认证key',
  `login_time` datetime NOT NULL COMMENT '登录时间',
  `login_ip` varchar(32) NOT NULL COMMENT '登录ip',
  `update_time` datetime NOT NULL COMMENT '最后刷新时间',
  PRIMARY KEY (`authentication_key`),
  UNIQUE KEY `authentication_key` (`authentication_key`),
  KEY `fk_a_user_id` (`user_id`),
  CONSTRAINT `fk_a_user_id` FOREIGN KEY (`user_id`) REFERENCES `user` (`user_id`) ON DELETE CASCADE ON UPDATE CASCADE
) ENGINE=InnoDB DEFAULT CHARSET=utf8 COMMENT='用户认证';

#
# Data for table "authentication"
#

INSERT INTO `authentication` VALUES (2,'2B1094E7BF0FF1076AB34A91AE4A7A95','2017-02-24 21:58:01','127.0.0.1','2017-02-24 21:58:01'),(3,'E9F754A1C7998C4CE42CFB6EB5AAAA19','2017-02-23 21:11:04','127.0.0.1','2017-02-23 21:11:04');

#
# Structure for table "admin_log"
#

DROP TABLE IF EXISTS `admin_log`;
CREATE TABLE `admin_log` (
  `log_id` int(11) NOT NULL AUTO_INCREMENT,
  `user_id` int(10) NOT NULL COMMENT '用户id',
  `time` datetime NOT NULL COMMENT '日志记录时间',
  `ip` varchar(64) NOT NULL COMMENT 'ip',
  `url` varchar(128) NOT NULL DEFAULT '' COMMENT '操作的地址',
  `content` varchar(3000) NOT NULL DEFAULT '' COMMENT '日志内容',
  PRIMARY KEY (`log_id`),
  KEY `fk_log_user_id` (`user_id`),
  CONSTRAINT `fk_log_user_id` FOREIGN KEY (`user_id`) REFERENCES `user` (`user_id`) ON DELETE CASCADE ON UPDATE CASCADE
) ENGINE=InnoDB AUTO_INCREMENT=305 DEFAULT CHARSET=utf8 COMMENT='管理员操作日志';

#
# Data for table "admin_log"
#

INSERT INTO `admin_log` VALUES (1,4,'2017-03-13 21:37:34','127.0.0.1','http://localhost:8080/pouruan/Admin/Role/addRole.do','classType:class com.pouruan.web.action.AdminAction methodName:addRoleSecurityContextHolderAwareRequestWrapper[ org.springframework.security.web.context.HttpSessionSecurityContextRepository$Servlet3SaveToSessionRequestWrapper@7b08cb8b]org.springframework.security.web.context.HttpSessionSecurityContex'),(2,4,'2017-03-13 21:44:57','127.0.0.1','http://localhost:8080/pouruan/Admin/Role/addRole.do','classType:class com.pouruan.web.action.AdminAction methodName:addRoleSecurityContextHolderAwareRequestWrapper[ org.springframework.security.web.context.HttpSessionSecurityContextRepository$Servlet3SaveToSessionRequestWrapper@e23856d]org.springframework.security.web.context.HttpSessionSecurityContext'),(3,4,'2017-03-13 21:49:56','127.0.0.1','http://localhost:8080/pouruan/Admin/Role/addRole.do','classType:class com.pouruan.web.action.AdminAction methodName:addRoleSecurityContextHolderAwareRequestWrapper[ org.springframework.security.web.context.HttpSessionSecurityContextRepository$Servlet3SaveToSessionRequestWrapper@25db81c5]org.springframework.security.web.context.HttpSessionSecurityContextRepository$SaveToSessionResponseWrapper@7f23c45a{}'),(4,4,'2017-03-13 21:53:44','127.0.0.1','http://localhost:8080/pouruan/Admin/Role/addRole.do','classType:class com.pouruan.web.action.AdminAction methodName:addRole'),(5,4,'2017-03-13 21:53:58','127.0.0.1','http://localhost:8080/pouruan/Admin/Role/addRole.do','classType:class com.pouruan.web.action.AdminAction methodName:addRoleDone;userId:3;permissionId:2;_csrf:66388ea0-e77f-4ca7-806c-84350af97661'),(6,4,'2017-03-13 22:16:34','127.0.0.1','http://localhost:8080/pouruan/Admin/Config/editConfig.do','classType:class com.pouruan.web.action.AdminAction methodName:editConfigV'),(7,4,'2017-03-13 22:17:46','127.0.0.1','http://localhost:8080/pouruan/Admin/System/listLog.do','classType:class com.pouruan.web.action.AdminAction methodName:showLog'),(8,4,'2017-03-13 22:19:22','127.0.0.1','http://localhost:8080/pouruan/Admin/System/listLog.do','classType:class com.pouruan.web.action.AdminAction methodName:showLog'),(9,4,'2017-03-13 22:19:32','127.0.0.1','http://localhost:8080/pouruan/Admin/System/listLog.do','classType:class com.pouruan.web.action.AdminAction methodName:showLog'),(10,4,'2017-03-13 22:19:33','127.0.0.1','http://localhost:8080/pouruan/Admin/System/listLog.do','classType:class com.pouruan.web.action.AdminAction methodName:showLog'),(11,4,'2017-03-13 22:20:11','127.0.0.1','http://localhost:8080/pouruan/Admin/System/listLog.do','classType:class com.pouruan.web.action.AdminAction methodName:showLog'),(12,4,'2017-03-13 22:21:19','127.0.0.1','http://localhost:8080/pouruan/Admin/System/listLog.do','classType:class com.pouruan.web.action.AdminAction methodName:showLog'),(13,4,'2017-03-13 22:21:30','127.0.0.1','http://localhost:8080/pouruan/Admin/System/listLog.do','classType:class com.pouruan.web.action.AdminAction methodName:showLog'),(14,4,'2017-03-13 22:22:40','127.0.0.1','http://localhost:8080/pouruan/Admin/System/listLog.do','classType:class com.pouruan.web.action.AdminAction methodName:showLog'),(15,4,'2017-03-13 22:22:46','127.0.0.1','http://localhost:8080/pouruan/Admin/System/listLog.do','classType:class com.pouruan.web.action.AdminAction methodName:showLog'),(16,4,'2017-03-13 22:22:58','127.0.0.1','http://localhost:8080/pouruan/Admin/System/listLog.do','classType:class com.pouruan.web.action.AdminAction methodName:showLog;_csrf:66388ea0-e77f-4ca7-806c-84350af97661;pageNo:2'),(17,4,'2017-03-13 22:24:03','127.0.0.1','http://localhost:8080/pouruan/Admin/System/listLog.do','classType:class com.pouruan.web.action.AdminAction methodName:showLog;_csrf:[Ljava.lang.String;@45de2226;pageNo:1'),(18,4,'2017-03-13 22:25:13','127.0.0.1','http://localhost:8080/pouruan/Admin/System/listLog.do','classType:class com.pouruan.web.action.AdminAction methodName:showLog;_csrf:[Ljava.lang.String;@2345688e;pageNo:1'),(19,4,'2017-03-13 22:30:05','127.0.0.1','http://localhost:8080/pouruan/Admin/System/listLog.do','classType:class com.pouruan.web.action.AdminAction methodName:showLog;_csrf:[Ljava.lang.String;@e22b1d9;pageNo:1'),(20,4,'2017-03-13 22:30:20','127.0.0.1','http://localhost:8080/pouruan/Admin/System/listLog.do','classType:class com.pouruan.web.action.AdminAction methodName:showLog;_csrf:[Ljava.lang.String;@f045e51;pageNo:1'),(21,4,'2017-03-13 22:30:48','127.0.0.1','http://localhost:8080/pouruan/Admin/System/listLog.do','classType:class com.pouruan.web.action.AdminAction methodName:showLog;_csrf:[Ljava.lang.String;@79bc7fb;pageNo:1'),(22,4,'2017-03-13 22:31:17','127.0.0.1','http://localhost:8080/pouruan/Admin/System/listLog.do','classType:class com.pouruan.web.action.AdminAction methodName:showLog;_csrf:[Ljava.lang.String;@65603ce3;pageNo:1'),(23,4,'2017-03-13 22:32:25','127.0.0.1','http://localhost:8080/pouruan/Admin/System/listLog.do','classType:class com.pouruan.web.action.AdminAction methodName:showLog;_csrf:[Ljava.lang.String;@dcccc34;pageNo:1'),(24,4,'2017-03-13 22:33:26','127.0.0.1','http://localhost:8080/pouruan/Admin/System/listLog.do','classType:class com.pouruan.web.action.AdminAction methodName:showLog;_csrf:[Ljava.lang.String;@7d4ab416;pageNo:1'),(25,4,'2017-03-13 22:34:05','127.0.0.1','http://localhost:8080/pouruan/Admin/System/listLog.do','classType:class com.pouruan.web.action.AdminAction methodName:showLog'),(26,4,'2017-03-13 22:34:35','127.0.0.1','http://localhost:8080/pouruan/Admin/System/listLog.do','classType:class com.pouruan.web.action.AdminAction methodName:showLog'),(27,4,'2017-03-13 22:34:37','127.0.0.1','http://localhost:8080/pouruan/Admin/System/listLog.do','classType:class com.pouruan.web.action.AdminAction methodName:showLog'),(28,4,'2017-03-13 22:34:59','127.0.0.1','http://localhost:8080/pouruan/Admin/System/listLog.do','classType:class com.pouruan.web.action.AdminAction methodName:showLog'),(29,4,'2017-03-13 22:35:13','127.0.0.1','http://localhost:8080/pouruan/Admin/System/listLog.do','classType:class com.pouruan.web.action.AdminAction methodName:showLog'),(30,4,'2017-03-13 22:35:59','127.0.0.1','http://localhost:8080/pouruan/Admin/System/listLog.do','classType:class com.pouruan.web.action.AdminAction methodName:showLog'),(31,4,'2017-03-13 22:36:16','127.0.0.1','http://localhost:8080/pouruan/Admin/System/listLog.do','classType:class com.pouruan.web.action.AdminAction methodName:showLog'),(32,4,'2017-03-13 22:36:30','127.0.0.1','http://localhost:8080/pouruan/Admin/System/listLog.do','classType:class com.pouruan.web.action.AdminAction methodName:showLog'),(33,4,'2017-03-13 22:37:05','127.0.0.1','http://localhost:8080/pouruan/Admin/System/listLog.do','classType:class com.pouruan.web.action.AdminAction methodName:showLog'),(34,4,'2017-03-13 22:37:31','127.0.0.1','http://localhost:8080/pouruan/Admin/System/listLog.do','classType:class com.pouruan.web.action.AdminAction methodName:showLog'),(35,4,'2017-03-13 22:37:40','127.0.0.1','http://localhost:8080/pouruan/Admin/System/listLog.do','classType:class com.pouruan.web.action.AdminAction methodName:showLog'),(36,4,'2017-03-13 22:38:10','127.0.0.1','http://localhost:8080/pouruan/Admin/System/listLog.do','classType:class com.pouruan.web.action.AdminAction methodName:showLog'),(37,4,'2017-03-13 22:38:21','127.0.0.1','http://localhost:8080/pouruan/Admin/System/listLog.do','classType:class com.pouruan.web.action.AdminAction methodName:showLog'),(38,4,'2017-03-13 22:38:50','127.0.0.1','http://localhost:8080/pouruan/Admin/System/listLog.do','classType:class com.pouruan.web.action.AdminAction methodName:showLog'),(39,4,'2017-03-13 22:39:22','127.0.0.1','http://localhost:8080/pouruan/Admin/User/listUser.do','classType:class com.pouruan.web.action.AdminAction methodName:showUser'),(40,4,'2017-03-13 22:39:33','127.0.0.1','http://localhost:8080/pouruan/Admin/System/listLog.do','classType:class com.pouruan.web.action.AdminAction methodName:showLog;userId:3;_csrf:66388ea0-e77f-4ca7-806c-84350af97661'),(41,4,'2017-03-13 22:39:36','127.0.0.1','http://localhost:8080/pouruan/Admin/System/listLog.do','classType:class com.pouruan.web.action.AdminAction methodName:showLog;userId:4;_csrf:66388ea0-e77f-4ca7-806c-84350af97661'),(42,4,'2017-03-13 22:46:04','127.0.0.1','http://localhost:8080/pouruan/Admin/System/listLog.do','classType:class com.pouruan.web.action.AdminAction methodName:showLog'),(43,4,'2017-03-13 22:46:24','127.0.0.1','http://localhost:8080/pouruan/Admin/System/listLog.do','classType:class com.pouruan.web.action.AdminAction methodName:showLog'),(44,4,'2017-03-13 22:46:44','127.0.0.1','http://localhost:8080/pouruan/Admin/System/listLog.do','classType:class com.pouruan.web.action.AdminAction methodName:showLog'),(45,4,'2017-03-13 22:47:21','127.0.0.1','http://localhost:8080/pouruan/Admin/System/listLog.do','classType:class com.pouruan.web.action.AdminAction methodName:showLog'),(46,4,'2017-03-13 22:48:01','127.0.0.1','http://localhost:8080/pouruan/Admin/System/listLog.do','classType:class com.pouruan.web.action.AdminAction methodName:showLog'),(47,4,'2017-03-13 22:48:05','127.0.0.1','http://localhost:8080/pouruan/Admin/System/listLog.do','classType:class com.pouruan.web.action.AdminAction methodName:showLog'),(48,4,'2017-03-14 10:45:49','127.0.0.1','http://localhost:8080/pouruan/Admin/System/listLog.do','classType:class com.pouruan.web.action.AdminAction methodName:showLog'),(49,4,'2017-03-14 10:47:42','127.0.0.1','http://localhost:8080/pouruan/Admin/System/listLog.do','classType:class com.pouruan.web.action.AdminAction methodName:showLog'),(50,4,'2017-03-14 10:50:56','127.0.0.1','http://localhost:8080/pouruan/Admin/System/listLog.do','classType:class com.pouruan.web.action.AdminAction methodName:showLog'),(51,4,'2017-03-14 10:51:03','127.0.0.1','http://localhost:8080/pouruan/Admin/System/listLog.do','classType:class com.pouruan.web.action.AdminAction methodName:showLog'),(52,4,'2017-03-14 10:55:54','127.0.0.1','http://localhost:8080/pouruan/Admin/System/listLog.do','classType:class com.pouruan.web.action.AdminAction methodName:showLog'),(53,4,'2017-03-14 10:56:28','127.0.0.1','http://localhost:8080/pouruan/Admin/System/listLog.do','classType:class com.pouruan.web.action.AdminAction methodName:showLog'),(54,4,'2017-03-14 11:08:44','127.0.0.1','http://localhost:8080/pouruan/Admin/System/listLog.do','classType:class com.pouruan.web.action.AdminAction methodName:showLog'),(55,4,'2017-03-14 11:09:32','127.0.0.1','http://localhost:8080/pouruan/Admin/System/listLog.do','classType:class com.pouruan.web.action.AdminAction methodName:showLog'),(56,4,'2017-03-14 11:09:41','127.0.0.1','http://localhost:8080/pouruan/Admin/System/listLog.do','classType:class com.pouruan.web.action.AdminAction methodName:showLog'),(57,4,'2017-03-14 11:13:38','127.0.0.1','http://localhost:8080/pouruan/Admin/System/listLog.do','classType:class com.pouruan.web.action.AdminAction methodName:showLog'),(58,4,'2017-03-14 11:14:23','127.0.0.1','http://localhost:8080/pouruan/Admin/System/listLog.do','classType:class com.pouruan.web.action.AdminAction methodName:showLog'),(59,4,'2017-03-14 11:14:27','127.0.0.1','http://localhost:8080/pouruan/Admin/System/listLog.do','classType:class com.pouruan.web.action.AdminAction methodName:showLog'),(60,4,'2017-03-14 11:14:33','127.0.0.1','http://localhost:8080/pouruan/Admin/System/listLog.do','classType:class com.pouruan.web.action.AdminAction methodName:showLog;_csrf:9532fbe2-dab9-4e3d-9b0e-55bf460dd4f1;pageNo:2'),(61,4,'2017-03-14 11:14:36','127.0.0.1','http://localhost:8080/pouruan/Admin/System/listLog.do','classType:class com.pouruan.web.action.AdminAction methodName:showLog;_csrf:[Ljava.lang.String;@5fb70e7b;pageNo:3'),(62,4,'2017-03-14 11:14:39','127.0.0.1','http://localhost:8080/pouruan/Admin/System/listLog.do','classType:class com.pouruan.web.action.AdminAction methodName:showLog;_csrf:[Ljava.lang.String;@20bbfa9d;pageNo:7'),(63,4,'2017-03-14 11:14:49','127.0.0.1','http://localhost:8080/pouruan/Admin/System/listLog.do','classType:class com.pouruan.web.action.AdminAction methodName:showLog;_csrf:[Ljava.lang.String;@23ca6c01;pageNo:6'),(64,4,'2017-03-14 11:14:53','127.0.0.1','http://localhost:8080/pouruan/Admin/System/listLog.do','classType:class com.pouruan.web.action.AdminAction methodName:showLog;_csrf:[Ljava.lang.String;@5288a47f;pageNo:7'),(65,4,'2017-03-14 11:14:55','127.0.0.1','http://localhost:8080/pouruan/Admin/System/listLog.do','classType:class com.pouruan.web.action.AdminAction methodName:showLog;_csrf:[Ljava.lang.String;@3930e024;pageNo:1'),(66,4,'2017-03-14 11:16:05','127.0.0.1','http://localhost:8080/pouruan/Admin/System/listLog.do','classType:class com.pouruan.web.action.AdminAction methodName:showLog;_csrf:[Ljava.lang.String;@10615795;pageNo:1'),(67,4,'2017-03-14 11:18:52','127.0.0.1','http://localhost:8080/pouruan/Admin/System/listLog.do','classType:class com.pouruan.web.action.AdminAction methodName:showLog;_csrf:[Ljava.lang.String;@23bcc45a;pageNo:1'),(68,4,'2017-03-14 11:23:40','127.0.0.1','http://localhost:8080/pouruan/Admin/System/listLog.do','classType:class com.pouruan.web.action.AdminAction methodName:showLog'),(69,4,'2017-03-14 11:24:06','127.0.0.1','http://localhost:8080/pouruan/Admin/System/listLog.do','classType:class com.pouruan.web.action.AdminAction methodName:showLog'),(70,4,'2017-03-14 11:27:07','127.0.0.1','http://localhost:8080/pouruan/Admin/System/listLog.do','classType:class com.pouruan.web.action.AdminAction methodName:showLog'),(71,4,'2017-03-14 11:33:38','127.0.0.1','http://localhost:8080/pouruan/Admin/System/listLog.do','classType:class com.pouruan.web.action.AdminAction methodName:showLog'),(72,4,'2017-03-14 11:33:48','127.0.0.1','http://localhost:8080/pouruan/Admin/System/listLog.do','classType:class com.pouruan.web.action.AdminAction methodName:showLog;_csrf:821e56dd-32b3-4591-94e6-bacec7a61560;pageNo:2'),(73,4,'2017-03-14 11:33:52','127.0.0.1','http://localhost:8080/pouruan/Admin/System/listLog.do','classType:class com.pouruan.web.action.AdminAction methodName:showLog;_csrf:[Ljava.lang.String;@602bd77d;pageNo:8'),(74,4,'2017-03-14 11:33:57','127.0.0.1','http://localhost:8080/pouruan/Admin/System/listLog.do','classType:class com.pouruan.web.action.AdminAction methodName:showLog;_csrf:[Ljava.lang.String;@200d351d;pageNo:1'),(75,4,'2017-03-14 11:36:36','127.0.0.1','http://localhost:8080/pouruan/Admin/System/listLog.do','classType:class com.pouruan.web.action.AdminAction methodName:showLog;_csrf:[Ljava.lang.String;@4f30a9b8;pageNo:1'),(76,4,'2017-03-14 11:36:55','127.0.0.1','http://localhost:8080/pouruan/Admin/System/listLog.do','classType:class com.pouruan.web.action.AdminAction methodName:showLog;_csrf:[Ljava.lang.String;@3a62a097;pageNo:1'),(77,4,'2017-03-14 11:38:03','127.0.0.1','http://localhost:8080/pouruan/Admin/System/listLog.do','classType:class com.pouruan.web.action.AdminAction methodName:showLog'),(78,4,'2017-03-14 11:40:04','127.0.0.1','http://localhost:8080/pouruan/Admin/Config/editConfig.do','classType:class com.pouruan.web.action.AdminAction methodName:editConfigV'),(79,4,'2017-03-14 11:41:38','127.0.0.1','http://localhost:8080/pouruan/Admin/System/listLog.do','classType:class com.pouruan.web.action.AdminAction methodName:showLog'),(80,4,'2017-03-14 11:43:19','127.0.0.1','http://localhost:8080/pouruan/Admin/System/listLog.do','classType:class com.pouruan.web.action.AdminAction methodName:showLog'),(81,4,'2017-03-14 12:05:01','127.0.0.1','http://localhost:8080/pouruan/Admin/System/listLog.do','classType:class com.pouruan.web.action.AdminAction methodName:showLog;userId:4;_csrf:821e56dd-32b3-4591-94e6-bacec7a61560'),(82,4,'2017-03-14 12:05:30','127.0.0.1','http://localhost:8080/pouruan/Admin/System/listLog.do','classType:class com.pouruan.web.action.AdminAction methodName:showLog;userId:4;_csrf:821e56dd-32b3-4591-94e6-bacec7a61560'),(83,4,'2017-03-14 12:11:51','127.0.0.1','http://localhost:8080/pouruan/Admin/System/listLog.do','classType:class com.pouruan.web.action.AdminAction methodName:showLog;userId:4;_csrf:821e56dd-32b3-4591-94e6-bacec7a61560'),(84,4,'2017-03-14 12:12:11','127.0.0.1','http://localhost:8080/pouruan/Admin/System/listLog.do','classType:class com.pouruan.web.action.AdminAction methodName:showLog;userId:4;_csrf:821e56dd-32b3-4591-94e6-bacec7a61560'),(85,4,'2017-03-14 13:20:27','127.0.0.1','http://localhost:8080/pouruan/Admin/System/listLog.do','classType:class com.pouruan.web.action.AdminAction methodName:showLog'),(86,4,'2017-03-14 13:20:32','127.0.0.1','http://localhost:8080/pouruan/Admin/System/listLog.do','classType:class com.pouruan.web.action.AdminAction methodName:showLog'),(87,4,'2017-03-14 13:24:02','127.0.0.1','http://localhost:8080/pouruan/Admin/System/listLog.do','classType:class com.pouruan.web.action.AdminAction methodName:showLog'),(88,4,'2017-03-14 13:24:03','127.0.0.1','http://localhost:8080/pouruan/Admin/System/listLog.do','classType:class com.pouruan.web.action.AdminAction methodName:showLog'),(89,4,'2017-03-14 13:32:57','127.0.0.1','http://localhost:8080/pouruan/Admin/Config/editConfig.do','classType:class com.pouruan.web.action.AdminAction methodName:editConfigV'),(90,4,'2017-03-14 13:35:04','127.0.0.1','http://localhost:8080/pouruan/Admin/User/listUser.do','classType:class com.pouruan.web.action.AdminAction methodName:showUser'),(91,4,'2017-03-14 13:35:16','127.0.0.1','http://localhost:8080/pouruan/Admin/Role/addRole.do','classType:class com.pouruan.web.action.AdminAction methodName:addRole'),(92,4,'2017-03-14 13:35:18','127.0.0.1','http://localhost:8080/pouruan/Admin/Role/listAdmin.do','classType:class com.pouruan.web.action.AdminAction methodName:showAdmin'),(93,4,'2017-03-14 13:35:21','127.0.0.1','http://localhost:8080/pouruan/Admin/Role/delRole.do?permissionId=2&userId=3','classType:class com.pouruan.web.action.AdminAction methodName:delRole;permissionId:2;userId:3;_csrf:1daaff29-557a-4767-9867-13a91e69c518'),(94,4,'2017-03-14 13:35:23','127.0.0.1','http://localhost:8080/pouruan/Admin/Role/delRole.do?permissionId=2&userId=4','classType:class com.pouruan.web.action.AdminAction methodName:delRole;permissionId:2;userId:4;_csrf:1daaff29-557a-4767-9867-13a91e69c518'),(95,4,'2017-03-14 13:35:25','127.0.0.1','http://localhost:8080/pouruan/Admin/Role/delAdmin.do?userId=3','classType:class com.pouruan.web.action.AdminAction methodName:delAdmin;userId:3;_csrf:1daaff29-557a-4767-9867-13a91e69c518'),(96,4,'2017-03-14 13:35:27','127.0.0.1','http://localhost:8080/pouruan/Admin/Role/delRole.do?permissionId=2&userId=4','classType:class com.pouruan.web.action.AdminAction methodName:delRole;permissionId:2;userId:4;_csrf:1daaff29-557a-4767-9867-13a91e69c518'),(97,4,'2017-03-14 13:35:29','127.0.0.1','http://localhost:8080/pouruan/Admin/Role/delAdmin.do?userId=4','classType:class com.pouruan.web.action.AdminAction methodName:delAdmin;userId:4;_csrf:1daaff29-557a-4767-9867-13a91e69c518'),(98,4,'2017-03-14 13:35:30','127.0.0.1','http://localhost:8080/pouruan/Admin/Role/delAdmin.do?userId=4','classType:class com.pouruan.web.action.AdminAction methodName:delAdmin;userId:4;_csrf:1daaff29-557a-4767-9867-13a91e69c518'),(99,4,'2017-03-14 13:35:31','127.0.0.1','http://localhost:8080/pouruan/Admin/Role/delAdmin.do?userId=4','classType:class com.pouruan.web.action.AdminAction methodName:delAdmin;userId:4;_csrf:1daaff29-557a-4767-9867-13a91e69c518'),(100,4,'2017-03-14 13:35:33','127.0.0.1','http://localhost:8080/pouruan/Admin/Role/delRole.do?permissionId=2&userId=4','classType:class com.pouruan.web.action.AdminAction methodName:delRole;permissionId:2;userId:4;_csrf:1daaff29-557a-4767-9867-13a91e69c518'),(101,4,'2017-03-14 13:35:47','127.0.0.1','http://localhost:8080/pouruan/Admin/User/listUser.do','classType:class com.pouruan.web.action.AdminAction methodName:showUser'),(102,4,'2017-03-14 13:35:48','127.0.0.1','http://localhost:8080/pouruan/Admin/Config/editConfig.do','classType:class com.pouruan.web.action.AdminAction methodName:editConfigV'),(103,4,'2017-03-14 13:35:55','127.0.0.1','http://localhost:8080/pouruan/Admin/Config/editConfig.do','classType:class com.pouruan.web.action.AdminAction methodName:editConfigV'),(104,4,'2017-03-14 13:36:01','127.0.0.1','http://localhost:8080/pouruan/Admin/User/listUser.do','classType:class com.pouruan.web.action.AdminAction methodName:showUser'),(105,4,'2017-03-14 13:36:13','127.0.0.1','http://localhost:8080/pouruan/Admin/Config/editConfig.do','classType:class com.pouruan.web.action.AdminAction methodName:editConfigV'),(106,4,'2017-03-14 13:36:15','127.0.0.1','http://localhost:8080/pouruan/Admin/User/listUser.do','classType:class com.pouruan.web.action.AdminAction methodName:showUser'),(107,4,'2017-03-14 13:36:18','127.0.0.1','http://localhost:8080/pouruan/Admin/Role/listAdmin.do','classType:class com.pouruan.web.action.AdminAction methodName:showAdmin'),(108,4,'2017-03-14 16:20:52','127.0.0.1','http://localhost:8080/pouruan/Admin/Role/addRole.do','classType:class com.pouruan.web.action.AdminAction methodName:addRole'),(109,4,'2017-03-14 16:20:56','127.0.0.1','http://localhost:8080/pouruan/Admin/Role/addRole.do','classType:class com.pouruan.web.action.AdminAction methodName:addRoleDone;userId:47;permissionId:1;_csrf:dde0403d-f13b-430f-ad46-6f635af2a3c5'),(110,4,'2017-03-15 11:34:02','127.0.0.1','http://localhost:8080/pouruan/Admin/Role/addRole.do','classType:class com.pouruan.web.action.AdminAction methodName:addRole'),(111,4,'2017-03-15 11:34:04','127.0.0.1','http://localhost:8080/pouruan/Admin/Role/listAdmin.do','classType:class com.pouruan.web.action.AdminAction methodName:showAdmin'),(112,4,'2017-03-15 11:34:07','127.0.0.1','http://localhost:8080/pouruan/Admin/User/listUser.do','classType:class com.pouruan.web.action.AdminAction methodName:showUser'),(113,4,'2017-03-15 11:34:09','127.0.0.1','http://localhost:8080/pouruan/Admin/Config/editConfig.do','classType:class com.pouruan.web.action.AdminAction methodName:editConfigV'),(114,4,'2017-03-15 11:35:53','127.0.0.1','http://localhost:8080/pouruan/Admin/Role/listAdmin.do','classType:class com.pouruan.web.action.AdminAction methodName:showAdmin'),(115,4,'2017-03-15 11:35:54','127.0.0.1','http://localhost:8080/pouruan/Admin/Role/addRole.do','classType:class com.pouruan.web.action.AdminAction methodName:addRole'),(116,4,'2017-03-15 11:35:56','127.0.0.1','http://localhost:8080/pouruan/Admin/User/listUser.do','classType:class com.pouruan.web.action.AdminAction methodName:showUser'),(117,4,'2017-03-15 11:35:58','127.0.0.1','http://localhost:8080/pouruan/Admin/Config/editConfig.do','classType:class com.pouruan.web.action.AdminAction methodName:editConfigV'),(118,4,'2017-03-15 11:47:06','127.0.0.1','http://localhost:8080/pouruan/Admin/System/analysisData.do','classType:class com.pouruan.web.action.AdminAction methodName:analysisData'),(119,4,'2017-03-15 11:48:20','127.0.0.1','http://localhost:8080/pouruan/Admin/System/analysisData.do','classType:class com.pouruan.web.action.AdminAction methodName:analysisData'),(120,4,'2017-03-15 11:49:34','127.0.0.1','http://localhost:8080/pouruan/Admin/System/analysisData.do','classType:class com.pouruan.web.action.AdminAction methodName:analysisData'),(121,4,'2017-03-15 11:49:53','127.0.0.1','http://localhost:8080/pouruan/Admin/System/analysisData.do','classType:class com.pouruan.web.action.AdminAction methodName:analysisData'),(122,4,'2017-03-15 12:49:19','127.0.0.1','http://localhost:8080/pouruan/Admin/System/analysisData.do','classType:class com.pouruan.web.action.AdminAction methodName:analysisData'),(123,4,'2017-03-15 12:49:56','127.0.0.1','http://localhost:8080/pouruan/Admin/System/analysisData.do','classType:class com.pouruan.web.action.AdminAction methodName:analysisData'),(124,4,'2017-03-15 12:51:44','127.0.0.1','http://localhost:8080/pouruan/Admin/System/analysisData.do','classType:class com.pouruan.web.action.AdminAction methodName:analysisData'),(125,4,'2017-03-15 12:55:27','127.0.0.1','http://localhost:8080/pouruan/Admin/System/analysisData.do','classType:class com.pouruan.web.action.AdminAction methodName:analysisData'),(126,4,'2017-03-15 12:55:29','127.0.0.1','http://localhost:8080/pouruan/Admin/System/analysisData.do','classType:class com.pouruan.web.action.AdminAction methodName:analysisData'),(127,4,'2017-03-15 12:55:31','127.0.0.1','http://localhost:8080/pouruan/Admin/System/analysisData.do','classType:class com.pouruan.web.action.AdminAction methodName:analysisData'),(128,4,'2017-03-15 12:55:49','127.0.0.1','http://localhost:8080/pouruan/Admin/System/analysisData.do','classType:class com.pouruan.web.action.AdminAction methodName:analysisData'),(129,4,'2017-03-15 12:56:06','127.0.0.1','http://localhost:8080/pouruan/Admin/System/analysisData.do','classType:class com.pouruan.web.action.AdminAction methodName:analysisData'),(130,4,'2017-03-15 12:57:15','127.0.0.1','http://localhost:8080/pouruan/Admin/System/analysisData.do','classType:class com.pouruan.web.action.AdminAction methodName:analysisData'),(131,4,'2017-03-15 12:57:34','127.0.0.1','http://localhost:8080/pouruan/Admin/System/analysisData.do','classType:class com.pouruan.web.action.AdminAction methodName:analysisData'),(132,4,'2017-03-15 12:59:03','127.0.0.1','http://localhost:8080/pouruan/Admin/System/analysisData.do','classType:class com.pouruan.web.action.AdminAction methodName:analysisData'),(133,4,'2017-03-15 12:59:07','127.0.0.1','http://localhost:8080/pouruan/Admin/System/analysisData.do','classType:class com.pouruan.web.action.AdminAction methodName:analysisData'),(134,4,'2017-03-15 12:59:52','127.0.0.1','http://localhost:8080/pouruan/Admin/System/analysisData.do','classType:class com.pouruan.web.action.AdminAction methodName:analysisData'),(135,4,'2017-03-15 13:00:04','127.0.0.1','http://localhost:8080/pouruan/Admin/Role/addRole.do','classType:class com.pouruan.web.action.AdminAction methodName:addRole'),(136,4,'2017-03-15 13:00:07','127.0.0.1','http://localhost:8080/pouruan/Admin/Role/listAdmin.do','classType:class com.pouruan.web.action.AdminAction methodName:showAdmin'),(137,4,'2017-03-15 13:00:08','127.0.0.1','http://localhost:8080/pouruan/Admin/User/listUser.do','classType:class com.pouruan.web.action.AdminAction methodName:showUser'),(138,4,'2017-03-15 13:00:10','127.0.0.1','http://localhost:8080/pouruan/Admin/Config/editConfig.do','classType:class com.pouruan.web.action.AdminAction methodName:editConfigV'),(139,4,'2017-03-15 13:00:16','127.0.0.1','http://localhost:8080/pouruan/Admin/Config/editConfig.do','classType:class com.pouruan.web.action.AdminAction methodName:editConfigV'),(140,4,'2017-03-15 13:00:17','127.0.0.1','http://localhost:8080/pouruan/Admin/User/listUser.do','classType:class com.pouruan.web.action.AdminAction methodName:showUser'),(141,4,'2017-03-15 13:00:22','127.0.0.1','http://localhost:8080/pouruan/Admin/Role/listAdmin.do','classType:class com.pouruan.web.action.AdminAction methodName:showAdmin'),(142,4,'2017-03-15 13:05:11','127.0.0.1','http://localhost:8080/pouruan/Admin/User/listUser.do','classType:class com.pouruan.web.action.AdminAction methodName:showUser'),(143,4,'2017-03-15 13:05:25','127.0.0.1','http://localhost:8080/pouruan/Admin/System/analysisData.do','classType:class com.pouruan.web.action.AdminAction methodName:analysisData'),(144,4,'2017-03-15 13:05:28','127.0.0.1','http://localhost:8080/pouruan/Admin/System/analysisData.do','classType:class com.pouruan.web.action.AdminAction methodName:analysisData'),(145,4,'2017-03-15 13:05:36','127.0.0.1','http://localhost:8080/pouruan/Admin/Config/editConfig.do','classType:class com.pouruan.web.action.AdminAction methodName:editConfigV'),(146,4,'2017-03-15 13:05:43','127.0.0.1','http://localhost:8080/pouruan/Admin/User/listUser.do','classType:class com.pouruan.web.action.AdminAction methodName:showUser'),(147,4,'2017-03-15 13:05:46','127.0.0.1','http://localhost:8080/pouruan/Admin/Role/addRole.do','classType:class com.pouruan.web.action.AdminAction methodName:addRole'),(148,4,'2017-03-15 13:05:48','127.0.0.1','http://localhost:8080/pouruan/Admin/Role/listAdmin.do','classType:class com.pouruan.web.action.AdminAction methodName:showAdmin'),(149,4,'2017-03-15 13:22:10','127.0.0.1','http://localhost:8080/pouruan/Admin/Role/listAdmin.do','classType:class com.pouruan.web.action.AdminAction methodName:showAdmin'),(150,4,'2017-03-15 13:22:49','127.0.0.1','http://localhost:8080/pouruan/Admin/Role/addRole.do','classType:class com.pouruan.web.action.AdminAction methodName:addRole'),(151,4,'2017-03-15 13:22:52','127.0.0.1','http://localhost:8080/pouruan/Admin/Role/listAdmin.do','classType:class com.pouruan.web.action.AdminAction methodName:showAdmin'),(152,4,'2017-03-15 13:22:54','127.0.0.1','http://localhost:8080/pouruan/Admin/User/listUser.do','classType:class com.pouruan.web.action.AdminAction methodName:showUser'),(153,4,'2017-03-15 13:24:56','127.0.0.1','http://localhost:8080/pouruan/Admin/Role/addRole.do','classType:class com.pouruan.web.action.AdminAction methodName:addRole'),(154,4,'2017-03-15 13:26:42','127.0.0.1','http://localhost:8080/pouruan/Admin/System/analysisData.do','classType:class com.pouruan.web.action.AdminAction methodName:analysisData'),(155,4,'2017-03-15 13:26:57','127.0.0.1','http://localhost:8080/pouruan/Admin/User/listUser.do','classType:class com.pouruan.web.action.AdminAction methodName:showUser'),(156,4,'2017-03-15 18:52:17','127.0.0.1','http://localhost:8080/pouruan/Admin/Role/addRole.do','classType:class com.pouruan.web.action.AdminAction methodName:addRole'),(157,4,'2017-03-15 18:52:18','127.0.0.1','http://localhost:8080/pouruan/Admin/Role/listAdmin.do','classType:class com.pouruan.web.action.AdminAction methodName:showAdmin'),(158,4,'2017-03-15 18:52:20','127.0.0.1','http://localhost:8080/pouruan/Admin/User/listUser.do','classType:class com.pouruan.web.action.AdminAction methodName:showUser'),(159,4,'2017-03-15 18:52:29','127.0.0.1','http://localhost:8080/pouruan/Admin/Config/editConfig.do','classType:class com.pouruan.web.action.AdminAction methodName:editConfigV'),(160,4,'2017-03-15 18:52:37','127.0.0.1','http://localhost:8080/pouruan/Admin/System/analysisData.do','classType:class com.pouruan.web.action.AdminAction methodName:analysisData'),(161,4,'2017-03-15 18:53:33','127.0.0.1','http://localhost:8080/pouruan/Admin/System/analysisData.do','classType:class com.pouruan.web.action.AdminAction methodName:analysisData'),(162,4,'2017-03-15 18:55:20','127.0.0.1','http://localhost:8080/pouruan/Admin/User/listUser.do','classType:class com.pouruan.web.action.AdminAction methodName:showUser'),(163,4,'2017-03-15 19:02:42','127.0.0.1','http://localhost:8080/pouruan/Admin/Role/addRole.do','classType:class com.pouruan.web.action.AdminAction methodName:addRole'),(164,4,'2017-03-16 21:12:26','127.0.0.1','http://localhost:8080/pouruan/Admin/Role/addRole.do','classType:class com.pouruan.web.action.AdminAction methodName:addRole'),(165,4,'2017-03-16 21:12:30','127.0.0.1','http://localhost:8080/pouruan/Admin/Role/addRole.do','classType:class com.pouruan.web.action.AdminAction methodName:addRoleDone;userId:3;permissionId:1;_csrf:d27607ad-872c-4d35-b9a2-4377715e8403'),(166,4,'2017-03-16 21:33:51','127.0.0.1','http://localhost:8080/pouruan/Admin/Role/listAdmin.do','classType:class com.pouruan.web.action.AdminAction methodName:showAdmin'),(167,4,'2017-03-16 21:33:54','127.0.0.1','http://localhost:8080/pouruan/Admin/User/listUser.do','classType:class com.pouruan.web.action.AdminAction methodName:showUser'),(168,4,'2017-03-16 21:33:58','127.0.0.1','http://localhost:8080/pouruan/Admin/Config/editConfig.do','classType:class com.pouruan.web.action.AdminAction methodName:editConfigV'),(169,4,'2017-03-16 21:34:04','127.0.0.1','http://localhost:8080/pouruan/Admin/System/analysisData.do','classType:class com.pouruan.web.action.AdminAction methodName:analysisData'),(170,4,'2017-03-16 21:34:25','127.0.0.1','http://localhost:8080/pouruan/Admin/System/analysisData.do','classType:class com.pouruan.web.action.AdminAction methodName:analysisData'),(171,4,'2017-03-16 21:34:34','127.0.0.1','http://localhost:8080/pouruan/Admin/Role/addRole.do','classType:class com.pouruan.web.action.AdminAction methodName:addRole'),(172,4,'2017-03-16 21:34:36','127.0.0.1','http://localhost:8080/pouruan/Admin/Role/listAdmin.do','classType:class com.pouruan.web.action.AdminAction methodName:showAdmin'),(173,4,'2017-03-16 21:34:39','127.0.0.1','http://localhost:8080/pouruan/Admin/Role/delAdmin.do?userId=3','classType:class com.pouruan.web.action.AdminAction methodName:delAdmin;userId:3;_csrf:5bb3b874-00ef-40b0-84a6-3e784eb9c1ba'),(174,4,'2017-03-16 21:34:41','127.0.0.1','http://localhost:8080/pouruan/Admin/Role/delRole.do?permissionId=2&userId=4','classType:class com.pouruan.web.action.AdminAction methodName:delRole;permissionId:2;userId:4;_csrf:5bb3b874-00ef-40b0-84a6-3e784eb9c1ba'),(175,4,'2017-03-16 21:34:42','127.0.0.1','http://localhost:8080/pouruan/Admin/Role/delAdmin.do?userId=4','classType:class com.pouruan.web.action.AdminAction methodName:delAdmin;userId:4;_csrf:5bb3b874-00ef-40b0-84a6-3e784eb9c1ba'),(176,4,'2017-03-16 21:34:44','127.0.0.1','http://localhost:8080/pouruan/Admin/Role/delRole.do?permissionId=2&userId=4','classType:class com.pouruan.web.action.AdminAction methodName:delRole;permissionId:2;userId:4;_csrf:5bb3b874-00ef-40b0-84a6-3e784eb9c1ba'),(177,4,'2017-03-16 21:34:59','127.0.0.1','http://localhost:8080/pouruan/Admin/Role/listAdmin.do','classType:class com.pouruan.web.action.AdminAction methodName:showAdmin'),(178,4,'2017-03-16 21:35:01','127.0.0.1','http://localhost:8080/pouruan/Admin/User/listUser.do','classType:class com.pouruan.web.action.AdminAction methodName:showUser'),(179,4,'2017-03-16 21:35:07','127.0.0.1','http://localhost:8080/pouruan/Admin/User/editUser.do','classType:class com.pouruan.web.action.AdminAction methodName:editUser;userId:3;_csrf:5bb3b874-00ef-40b0-84a6-3e784eb9c1ba;status:0'),(180,4,'2017-03-16 21:35:09','127.0.0.1','http://localhost:8080/pouruan/Admin/User/editUser.do','classType:class com.pouruan.web.action.AdminAction methodName:editUser;userId:2;_csrf:5bb3b874-00ef-40b0-84a6-3e784eb9c1ba;status:0'),(181,4,'2017-03-16 21:35:12','127.0.0.1','http://localhost:8080/pouruan/Admin/Role/listAdmin.do','classType:class com.pouruan.web.action.AdminAction methodName:showAdmin'),(182,4,'2017-03-16 21:35:15','127.0.0.1','http://localhost:8080/pouruan/Admin/User/listUser.do','classType:class com.pouruan.web.action.AdminAction methodName:showUser'),(183,4,'2017-03-16 21:35:17','127.0.0.1','http://localhost:8080/pouruan/Admin/User/editUser.do','classType:class com.pouruan.web.action.AdminAction methodName:editUser;userId:3;_csrf:5bb3b874-00ef-40b0-84a6-3e784eb9c1ba;status:1'),(184,4,'2017-03-16 21:35:18','127.0.0.1','http://localhost:8080/pouruan/Admin/User/editUser.do','classType:class com.pouruan.web.action.AdminAction methodName:editUser;userId:2;_csrf:5bb3b874-00ef-40b0-84a6-3e784eb9c1ba;status:1'),(185,4,'2017-03-16 21:35:21','127.0.0.1','http://localhost:8080/pouruan/Admin/Role/listAdmin.do','classType:class com.pouruan.web.action.AdminAction methodName:showAdmin'),(186,4,'2017-03-17 08:52:06','127.0.0.1','http://localhost:8080/pouruan/Admin/Role/addRole.do','classType:class com.pouruan.web.action.AdminAction methodName:addRole'),(187,4,'2017-03-17 10:06:56','127.0.0.1','http://localhost:8080/pouruan/Admin/User/listUser.do','classType:class com.pouruan.web.action.AdminAction methodName:showUser'),(188,4,'2017-03-17 10:07:04','127.0.0.1','http://localhost:8080/pouruan/Admin/User/listUser.do','classType:class com.pouruan.web.action.AdminAction methodName:showUser'),(189,4,'2017-03-17 10:07:10','127.0.0.1','http://localhost:8080/pouruan/Admin/User/listUser.do','classType:class com.pouruan.web.action.AdminAction methodName:showUser;userName:卢;_csrf:9b35bf33-0b65-4b99-a093-4e2174e5fe98'),(190,4,'2017-03-17 10:07:15','127.0.0.1','http://localhost:8080/pouruan/Admin/User/listUser.do','classType:class com.pouruan.web.action.AdminAction methodName:showUser'),(191,4,'2017-03-17 10:07:22','127.0.0.1','http://localhost:8080/pouruan/Admin/User/listUser.do','classType:class com.pouruan.web.action.AdminAction methodName:showUser;userName:卢建增;_csrf:9b35bf33-0b65-4b99-a093-4e2174e5fe98'),(192,4,'2017-03-17 10:09:06','127.0.0.1','http://localhost:8080/pouruan/Admin/User/listUser.do','classType:class com.pouruan.web.action.AdminAction methodName:showUser;userName:卢建增;_csrf:9b35bf33-0b65-4b99-a093-4e2174e5fe98'),(193,4,'2017-03-17 10:09:12','127.0.0.1','http://localhost:8080/pouruan/Admin/User/listUser.do','classType:class com.pouruan.web.action.AdminAction methodName:showUser;userId:;_csrf:9b35bf33-0b65-4b99-a093-4e2174e5fe98'),(194,4,'2017-03-17 10:09:17','127.0.0.1','http://localhost:8080/pouruan/Admin/Role/listAdmin.do','classType:class com.pouruan.web.action.AdminAction methodName:showAdmin'),(195,4,'2017-03-17 10:11:16','127.0.0.1','http://localhost:8080/pouruan/Admin/User/listUser.do','classType:class com.pouruan.web.action.AdminAction methodName:showUser'),(196,4,'2017-03-17 15:10:12','127.0.0.1','http://localhost:8080/pouruan/Admin/Config/editConfig.do','classType:class com.pouruan.web.action.AdminAction methodName:editConfigV'),(197,4,'2017-03-17 15:10:56','127.0.0.1','http://localhost:8080/pouruan/Admin/Role/listAdmin.do','classType:class com.pouruan.web.action.AdminAction methodName:showAdmin'),(198,4,'2017-03-17 15:11:22','127.0.0.1','http://localhost:8080/pouruan/Admin/Role/addRole.do','classType:class com.pouruan.web.action.AdminAction methodName:addRole'),(199,4,'2017-03-17 15:11:24','127.0.0.1','http://localhost:8080/pouruan/Admin/Role/listAdmin.do','classType:class com.pouruan.web.action.AdminAction methodName:showAdmin'),(200,4,'2017-03-17 15:11:25','127.0.0.1','http://localhost:8080/pouruan/Admin/User/listUser.do','classType:class com.pouruan.web.action.AdminAction methodName:showUser'),(201,4,'2017-03-17 15:11:28','127.0.0.1','http://localhost:8080/pouruan/Admin/Config/editConfig.do','classType:class com.pouruan.web.action.AdminAction methodName:editConfigV'),(202,4,'2017-03-17 15:11:34','127.0.0.1','http://localhost:8080/pouruan/Admin/System/analysisData.do','classType:class com.pouruan.web.action.AdminAction methodName:analysisData'),(203,4,'2017-03-17 15:20:19','127.0.0.1','http://localhost:8080/pouruan/Admin/User/listUser.do','classType:class com.pouruan.web.action.AdminAction methodName:showUser'),(204,4,'2017-03-17 15:22:25','127.0.0.1','http://localhost:8080/pouruan/Admin/System/analysisData.do','classType:class com.pouruan.web.action.AdminAction methodName:analysisData'),(205,4,'2017-03-17 15:22:34','127.0.0.1','http://localhost:8080/pouruan/Admin/Role/addRole.do','classType:class com.pouruan.web.action.AdminAction methodName:addRole'),(206,4,'2017-03-17 15:23:30','127.0.0.1','http://localhost:8080/pouruan/Admin/Config/editConfig.do','classType:class com.pouruan.web.action.AdminAction methodName:editConfigV'),(207,4,'2017-03-17 16:46:29','127.0.0.1','http://localhost:8080/pouruan/Admin/Role/addRole.do','classType:class com.pouruan.web.action.AdminAction methodName:addRole'),(208,4,'2017-03-17 16:46:34','127.0.0.1','http://localhost:8080/pouruan/Admin/Role/listAdmin.do','classType:class com.pouruan.web.action.AdminAction methodName:showAdmin'),(209,4,'2017-03-17 16:46:36','127.0.0.1','http://localhost:8080/pouruan/Admin/User/listUser.do','classType:class com.pouruan.web.action.AdminAction methodName:showUser'),(210,4,'2017-03-17 16:47:05','127.0.0.1','http://localhost:8080/pouruan/Admin/Config/editConfig.do','classType:class com.pouruan.web.action.AdminAction methodName:editConfigV'),(211,4,'2017-03-17 16:47:14','127.0.0.1','http://localhost:8080/pouruan/Admin/System/analysisData.do','classType:class com.pouruan.web.action.AdminAction methodName:analysisData'),(212,4,'2017-03-18 11:05:43','127.0.0.1','http://localhost:8080/pouruan/Admin/Config/editConfig.do','classType:class com.pouruan.web.action.AdminAction methodName:editConfigV'),(213,4,'2017-03-18 11:06:01','127.0.0.1','http://localhost:8080/pouruan/Admin/Role/addRole.do','classType:class com.pouruan.web.action.AdminAction methodName:addRole'),(214,4,'2017-03-18 11:06:03','127.0.0.1','http://localhost:8080/pouruan/Admin/Role/listAdmin.do','classType:class com.pouruan.web.action.AdminAction methodName:showAdmin'),(215,4,'2017-03-18 11:06:58','127.0.0.1','http://localhost:8080/pouruan/Admin/Role/listAdmin.do','classType:class com.pouruan.web.action.AdminAction methodName:showAdmin'),(216,4,'2017-03-18 11:20:18','127.0.0.1','http://localhost:8080/pouruan/Admin/User/listUser.do','classType:class com.pouruan.web.action.AdminAction methodName:showUser'),(217,4,'2017-03-18 20:20:27','127.0.0.1','http://localhost:8080/pouruan/Admin/Role/listAdmin.do','classType:class com.pouruan.web.action.AdminAction methodName:showAdmin'),(218,4,'2017-03-18 20:20:31','127.0.0.1','http://localhost:8080/pouruan/Admin/Role/delRole.do?permissionId=2&userId=4','classType:class com.pouruan.web.action.AdminAction methodName:delRole;permissionId:2;userId:4;_csrf:8c517433-d075-4654-a78b-8a850952832d'),(219,4,'2017-03-18 20:20:33','127.0.0.1','http://localhost:8080/pouruan/Admin/Role/delAdmin.do?userId=4','classType:class com.pouruan.web.action.AdminAction methodName:delAdmin;userId:4;_csrf:8c517433-d075-4654-a78b-8a850952832d'),(220,4,'2017-03-18 20:20:35','127.0.0.1','http://localhost:8080/pouruan/Admin/Role/addRole.do','classType:class com.pouruan.web.action.AdminAction methodName:addRole'),(221,4,'2017-03-18 20:20:40','127.0.0.1','http://localhost:8080/pouruan/Admin/Role/addRole.do','classType:class com.pouruan.web.action.AdminAction methodName:addRoleDone;userId:3;permissionId:3;_csrf:8c517433-d075-4654-a78b-8a850952832d'),(222,4,'2017-03-18 20:20:43','127.0.0.1','http://localhost:8080/pouruan/Admin/Role/listAdmin.do','classType:class com.pouruan.web.action.AdminAction methodName:showAdmin'),(223,4,'2017-03-18 20:20:47','127.0.0.1','http://localhost:8080/pouruan/Admin/Role/delAdmin.do?userId=3','classType:class com.pouruan.web.action.AdminAction methodName:delAdmin;userId:3;_csrf:8c517433-d075-4654-a78b-8a850952832d'),(224,4,'2017-03-18 20:20:50','127.0.0.1','http://localhost:8080/pouruan/Admin/Role/listAdmin.do','classType:class com.pouruan.web.action.AdminAction methodName:showAdmin'),(225,4,'2017-03-18 20:20:57','127.0.0.1','http://localhost:8080/pouruan/Admin/Role/addRole.do','classType:class com.pouruan.web.action.AdminAction methodName:addRole'),(226,4,'2017-03-18 20:21:00','127.0.0.1','http://localhost:8080/pouruan/Admin/Role/addRole.do','classType:class com.pouruan.web.action.AdminAction methodName:addRoleDone;userId:3;permissionId:1;_csrf:8c517433-d075-4654-a78b-8a850952832d'),(227,4,'2017-03-18 20:21:02','127.0.0.1','http://localhost:8080/pouruan/Admin/Role/listAdmin.do','classType:class com.pouruan.web.action.AdminAction methodName:showAdmin'),(228,4,'2017-03-18 20:21:04','127.0.0.1','http://localhost:8080/pouruan/Admin/Role/delRole.do?permissionId=1&userId=3','classType:class com.pouruan.web.action.AdminAction methodName:delRole;permissionId:1;userId:3;_csrf:8c517433-d075-4654-a78b-8a850952832d'),(229,4,'2017-03-18 20:21:06','127.0.0.1','http://localhost:8080/pouruan/Admin/Role/addRole.do','classType:class com.pouruan.web.action.AdminAction methodName:addRole'),(230,4,'2017-03-18 20:21:07','127.0.0.1','http://localhost:8080/pouruan/Admin/Role/listAdmin.do','classType:class com.pouruan.web.action.AdminAction methodName:showAdmin'),(231,4,'2017-03-18 20:27:32','127.0.0.1','http://localhost:8080/pouruan/Admin/Role/listAdmin.do','classType:class com.pouruan.web.action.AdminAction methodName:showAdmin'),(232,4,'2017-03-18 20:36:40','127.0.0.1','http://localhost:8080/pouruan/Admin/Role/listAdmin.do','classType:class com.pouruan.web.action.AdminAction methodName:showAdmin'),(233,4,'2017-03-18 20:37:19','127.0.0.1','http://localhost:8080/pouruan/Admin/Role/listAdmin.do','classType:class com.pouruan.web.action.AdminAction methodName:showAdmin'),(234,4,'2017-03-18 20:37:22','127.0.0.1','http://localhost:8080/pouruan/Admin/Role/delRole.do?permissionId=2&userId=4','classType:class com.pouruan.web.action.AdminAction methodName:delRole;permissionId:2;userId:4;_csrf:3816bd1f-0e07-4cb1-8035-3b845e56c5e6'),(235,4,'2017-03-18 20:37:24','127.0.0.1','http://localhost:8080/pouruan/Admin/Role/listAdmin.do','classType:class com.pouruan.web.action.AdminAction methodName:showAdmin'),(236,4,'2017-03-18 20:37:26','127.0.0.1','http://localhost:8080/pouruan/Admin/Role/addRole.do','classType:class com.pouruan.web.action.AdminAction methodName:addRole'),(237,4,'2017-03-18 20:37:29','127.0.0.1','http://localhost:8080/pouruan/Admin/Role/addRole.do','classType:class com.pouruan.web.action.AdminAction methodName:addRoleDone;userId:3;permissionId:1;_csrf:3816bd1f-0e07-4cb1-8035-3b845e56c5e6'),(238,4,'2017-03-18 20:39:41','127.0.0.1','http://localhost:8080/pouruan/Admin/Role/addRole.do','classType:class com.pouruan.web.action.AdminAction methodName:addRole'),(239,4,'2017-03-18 20:39:45','127.0.0.1','http://localhost:8080/pouruan/Admin/Role/addRole.do','classType:class com.pouruan.web.action.AdminAction methodName:addRoleDone;userId:3;permissionId:1;_csrf:190cf13d-b0ab-4a21-beb9-7ff7cc6ccf1b'),(240,4,'2017-03-18 20:39:47','127.0.0.1','http://localhost:8080/pouruan/Admin/Role/listAdmin.do','classType:class com.pouruan.web.action.AdminAction methodName:showAdmin'),(241,4,'2017-03-18 20:39:51','127.0.0.1','http://localhost:8080/pouruan/Admin/Role/delRole.do?permissionId=1&userId=3','classType:class com.pouruan.web.action.AdminAction methodName:delRole;permissionId:1;userId:3;_csrf:190cf13d-b0ab-4a21-beb9-7ff7cc6ccf1b'),(242,4,'2017-03-18 20:39:53','127.0.0.1','http://localhost:8080/pouruan/Admin/Role/delAdmin.do?userId=3','classType:class com.pouruan.web.action.AdminAction methodName:delAdmin;userId:3;_csrf:190cf13d-b0ab-4a21-beb9-7ff7cc6ccf1b'),(243,4,'2017-03-18 20:39:56','127.0.0.1','http://localhost:8080/pouruan/Admin/User/listUser.do','classType:class com.pouruan.web.action.AdminAction methodName:showUser'),(244,4,'2017-03-18 20:39:59','127.0.0.1','http://localhost:8080/pouruan/Admin/User/editUser.do','classType:class com.pouruan.web.action.AdminAction methodName:editUser;userId:4;_csrf:190cf13d-b0ab-4a21-beb9-7ff7cc6ccf1b;status:0'),(245,4,'2017-03-18 20:40:01','127.0.0.1','http://localhost:8080/pouruan/Admin/User/editUser.do','classType:class com.pouruan.web.action.AdminAction methodName:editUser;userId:3;_csrf:190cf13d-b0ab-4a21-beb9-7ff7cc6ccf1b;status:0'),(246,4,'2017-03-18 20:40:03','127.0.0.1','http://localhost:8080/pouruan/Admin/User/listUser.do','classType:class com.pouruan.web.action.AdminAction methodName:showUser'),(247,4,'2017-03-18 20:40:04','127.0.0.1','http://localhost:8080/pouruan/Admin/User/editUser.do','classType:class com.pouruan.web.action.AdminAction methodName:editUser;userId:3;_csrf:190cf13d-b0ab-4a21-beb9-7ff7cc6ccf1b;status:1'),(248,4,'2017-03-18 20:40:07','127.0.0.1','http://localhost:8080/pouruan/Admin/User/listUser.do','classType:class com.pouruan.web.action.AdminAction methodName:showUser'),(249,4,'2017-03-18 20:40:19','127.0.0.1','http://localhost:8080/pouruan/Admin/Config/editConfig.do','classType:class com.pouruan.web.action.AdminAction methodName:editConfigV'),(250,4,'2017-03-18 20:43:59','127.0.0.1','http://localhost:8080/pouruan/Admin/Role/addRole.do','classType:class com.pouruan.web.action.AdminAction methodName:addRole'),(251,4,'2017-03-18 20:44:01','127.0.0.1','http://localhost:8080/pouruan/Admin/Role/listAdmin.do','classType:class com.pouruan.web.action.AdminAction methodName:showAdmin'),(252,4,'2017-03-18 20:44:03','127.0.0.1','http://localhost:8080/pouruan/Admin/Role/delRole.do?permissionId=2&userId=4','classType:class com.pouruan.web.action.AdminAction methodName:delRole;permissionId:2;userId:4;_csrf:271aa460-d73e-480d-a2a2-8e836961667a'),(253,4,'2017-03-18 20:44:05','127.0.0.1','http://localhost:8080/pouruan/Admin/Role/delAdmin.do?userId=4','classType:class com.pouruan.web.action.AdminAction methodName:delAdmin;userId:4;_csrf:271aa460-d73e-480d-a2a2-8e836961667a'),(254,4,'2017-03-18 20:55:22','127.0.0.1','http://localhost:8080/pouruan/Admin/Role/addRole.do','classType:class com.pouruan.web.action.AdminAction methodName:addRole'),(255,4,'2017-03-18 20:55:24','127.0.0.1','http://localhost:8080/pouruan/Admin/Role/listAdmin.do','classType:class com.pouruan.web.action.AdminAction methodName:showAdmin'),(256,4,'2017-03-18 20:56:18','127.0.0.1','http://localhost:8080/pouruan/Admin/Role/listAdmin.do','classType:class com.pouruan.web.action.AdminAction methodName:showAdmin'),(257,4,'2017-03-18 20:56:22','127.0.0.1','http://localhost:8080/pouruan/Admin/Role/listAdmin.do','classType:class com.pouruan.web.action.AdminAction methodName:showAdmin'),(258,4,'2017-03-18 20:58:00','127.0.0.1','http://localhost:8080/pouruan/Admin/Role/listAdmin.do','classType:class com.pouruan.web.action.AdminAction methodName:showAdmin'),(259,4,'2017-03-18 21:43:19','127.0.0.1','http://localhost:8080/pouruan/Admin/Role/addRole.do','classType:class com.pouruan.web.action.AdminAction methodName:addRole'),(260,4,'2017-03-18 21:43:20','127.0.0.1','http://localhost:8080/pouruan/Admin/User/listUser.do','classType:class com.pouruan.web.action.AdminAction methodName:showUser'),(261,4,'2017-03-18 22:16:31','127.0.0.1','http://localhost:8080/pouruan/Admin/Role/listAdmin.do','classType:class com.pouruan.web.action.AdminAction methodName:showAdmin'),(262,4,'2017-03-19 17:00:49','127.0.0.1','http://localhost:8080/pouruan/Admin/Role/addRole.do','classType:class com.pouruan.web.action.AdminAction methodName:addRole'),(263,4,'2017-03-19 17:02:22','127.0.0.1','http://localhost:8080/pouruan/Admin/User/listUser.do','classType:class com.pouruan.web.action.AdminAction methodName:showUser'),(264,4,'2017-03-19 17:05:31','127.0.0.1','http://localhost:8080/pouruan/Admin/Role/listAdmin.do','classType:class com.pouruan.web.action.AdminAction methodName:showAdmin'),(265,4,'2017-03-19 17:05:31','127.0.0.1','http://localhost:8080/pouruan/Admin/Role/listAdmin.do','classType:class com.pouruan.web.action.AdminAction methodName:showAdmin'),(266,4,'2017-03-19 17:05:36','127.0.0.1','http://localhost:8080/pouruan/Admin/Role/addRole.do','classType:class com.pouruan.web.action.AdminAction methodName:addRole'),(267,4,'2017-03-19 17:05:39','127.0.0.1','http://localhost:8080/pouruan/Admin/Role/addRole.do','classType:class com.pouruan.web.action.AdminAction methodName:addRoleDone;userId:3;permissionId:1;_csrf:717c6185-d925-4b49-acb4-5da42428e0b2'),(268,4,'2017-03-19 17:47:10','127.0.0.1','http://localhost:8080/pouruan/Admin/Role/addRole.do','classType:class com.pouruan.web.action.AdminAction methodName:addRole'),(269,4,'2017-03-19 17:47:14','127.0.0.1','http://localhost:8080/pouruan/Admin/Role/addRole.do','classType:class com.pouruan.web.action.AdminAction methodName:addRoleDone;userId:3;permissionId:1;_csrf:b4af4aaa-33cd-42d1-8b84-12b49cd5dbba'),(270,4,'2017-03-19 17:47:16','127.0.0.1','http://localhost:8080/pouruan/Admin/Role/listAdmin.do','classType:class com.pouruan.web.action.AdminAction methodName:showAdmin'),(271,4,'2017-03-19 17:50:40','127.0.0.1','http://localhost:8080/pouruan/Admin/Role/listAdmin.do','classType:class com.pouruan.web.action.AdminAction methodName:showAdmin'),(272,4,'2017-03-28 12:13:41','127.0.0.1','http://localhost:8080/pouruan/Admin/User/listUser.do','classType:class com.pouruan.web.action.AdminAction methodName:showUser'),(273,4,'2017-03-28 12:13:43','127.0.0.1','http://localhost:8080/pouruan/Admin/Role/addRole.do','classType:class com.pouruan.web.action.AdminAction methodName:addRole'),(274,4,'2017-03-28 12:13:44','127.0.0.1','http://localhost:8080/pouruan/Admin/Role/listAdmin.do','classType:class com.pouruan.web.action.AdminAction methodName:showAdmin'),(275,4,'2017-03-28 12:13:47','127.0.0.1','http://localhost:8080/pouruan/Admin/Role/addRole.do','classType:class com.pouruan.web.action.AdminAction methodName:addRole'),(276,4,'2017-03-28 12:13:48','127.0.0.1','http://localhost:8080/pouruan/Admin/User/listUser.do','classType:class com.pouruan.web.action.AdminAction methodName:showUser'),(277,4,'2017-03-28 12:14:02','127.0.0.1','http://localhost:8080/pouruan/Admin/User/listUser.do','classType:class com.pouruan.web.action.AdminAction methodName:showUser'),(278,4,'2017-03-29 10:22:33','127.0.0.1','http://localhost:8080/pouruan/Admin/Role/listAdmin.do','classType:class com.pouruan.web.action.AdminAction methodName:showAdmin'),(279,4,'2017-03-29 10:22:35','127.0.0.1','http://localhost:8080/pouruan/Admin/User/listUser.do','classType:class com.pouruan.web.action.AdminAction methodName:showUser'),(280,4,'2017-03-29 10:22:39','127.0.0.1','http://localhost:8080/pouruan/Admin/Config/editConfig.do','classType:class com.pouruan.web.action.AdminAction methodName:editConfigV'),(281,4,'2017-03-29 10:24:25','127.0.0.1','http://localhost:8080/pouruan/Admin/Config/editConfig.do','classType:class com.pouruan.web.action.AdminAction methodName:editConfigV'),(282,4,'2017-03-29 10:24:27','127.0.0.1','http://localhost:8080/pouruan/Admin/User/listUser.do','classType:class com.pouruan.web.action.AdminAction methodName:showUser'),(283,4,'2017-03-29 10:24:28','127.0.0.1','http://localhost:8080/pouruan/Admin/Role/listAdmin.do','classType:class com.pouruan.web.action.AdminAction methodName:showAdmin'),(284,4,'2017-03-31 09:57:49','127.0.0.1','http://localhost:8080/pouruan/Admin/Role/addRole.do','classType:class com.pouruan.web.action.AdminAction methodName:addRole'),(285,4,'2017-04-09 13:59:18','127.0.0.1','http://localhost:8080/pouruan/Admin/Config/editConfig.do','classType:class com.pouruan.web.action.AdminAction methodName:editConfigV'),(286,4,'2017-04-09 15:28:14','127.0.0.1','http://localhost:8080/pouruan/Admin/Config/editConfig.do','classType:class com.pouruan.web.action.AdminAction methodName:editConfigV'),(287,4,'2017-04-09 15:28:35','127.0.0.1','http://localhost:8080/pouruan/Admin/Config/editConfig.do','classType:class com.pouruan.web.action.AdminAction methodName:editConfig;webKeyWord:pouruan,ice,nice;webDescription:pouruan科技;emailUserName:postmaster@icecms.cn;emailTitle:剖软科技通知;maxErrorTimes:5;webTitle:pouruan;_csrf:9427f149-d138-4297-9fba-a27ea793a488;maxSendMesTimes:5;emailActContent:亲爱的{0},你在{1}上申请激活邮件，如是本人操作，请点击以下链接进行激活{2}，如非本人操作请无视;maxSendEmailTimes:5;domain:http://localhost:8080;emailHost:smtp.mxhichina.com;Id:1;emailPwd:Jkl20081102;emailPwdContent:亲爱的{0},你在{1}上申请找回密码，你的验证码为{2}，如非本人操作请无视'),(288,4,'2017-04-29 00:52:12','127.0.0.1','http://localhost:8080/pouruan/Admin/Role/listAdmin.do','classType:class com.pouruan.web.action.AdminAction methodName:showAdmin'),(289,4,'2017-04-29 00:52:20','127.0.0.1','http://localhost:8080/pouruan/Admin/System/analysisData.do','classType:class com.pouruan.web.action.AdminAction methodName:analysisData'),(290,4,'2017-04-29 12:16:18','127.0.0.1','http://localhost:8080/pouruan/Admin/Role/addRole.do','classType:class com.pouruan.web.action.AdminAction methodName:addRole'),(291,4,'2017-04-29 12:16:32','127.0.0.1','http://localhost:8080/pouruan/Admin/Role/addRole.do','classType:class com.pouruan.web.action.AdminAction methodName:addRole'),(292,4,'2017-04-29 12:16:33','127.0.0.1','http://localhost:8080/pouruan/Admin/Role/addRole.do','classType:class com.pouruan.web.action.AdminAction methodName:addRole'),(293,4,'2017-04-29 12:17:55','127.0.0.1','http://localhost:8080/pouruan/Admin/Role/addRole.do','classType:class com.pouruan.web.action.AdminAction methodName:addRole'),(294,4,'2017-04-29 12:17:59','127.0.0.1','http://localhost:8080/pouruan/Admin/Role/addRole.do','classType:class com.pouruan.web.action.AdminAction methodName:addRoleDone;userId:45646;permissionId:1;_csrf:96dc839c-f4c9-4897-a8a4-a4b0758d0547'),(295,4,'2017-04-29 12:18:03','127.0.0.1','http://localhost:8080/pouruan/Admin/Role/addRole.do','classType:class com.pouruan.web.action.AdminAction methodName:addRoleDone;userId:3;permissionId:1;_csrf:96dc839c-f4c9-4897-a8a4-a4b0758d0547'),(296,4,'2017-04-29 12:18:09','127.0.0.1','http://localhost:8080/pouruan/Admin/Role/addRole.do','classType:class com.pouruan.web.action.AdminAction methodName:addRoleDone;userId:3;permissionId:2;_csrf:96dc839c-f4c9-4897-a8a4-a4b0758d0547'),(297,4,'2017-04-29 12:18:32','127.0.0.1','http://localhost:8080/pouruan/Admin/Role/addRole.do','classType:class com.pouruan.web.action.AdminAction methodName:addRoleDone;userId:3;permissionId:4;_csrf:96dc839c-f4c9-4897-a8a4-a4b0758d0547'),(298,4,'2017-04-29 12:18:45','127.0.0.1','http://localhost:8080/pouruan/Admin/User/listUser.do','classType:class com.pouruan.web.action.AdminAction methodName:showUser'),(299,4,'2017-04-29 12:18:55','127.0.0.1','http://localhost:8080/pouruan/Admin/User/editUser.do','classType:class com.pouruan.web.action.AdminAction methodName:editUser;userId:3;_csrf:96dc839c-f4c9-4897-a8a4-a4b0758d0547;status:0'),(300,4,'2017-04-29 12:18:58','127.0.0.1','http://localhost:8080/pouruan/Admin/User/listUser.do','classType:class com.pouruan.web.action.AdminAction methodName:showUser'),(301,4,'2017-04-29 12:19:01','127.0.0.1','http://localhost:8080/pouruan/Admin/User/editUser.do','classType:class com.pouruan.web.action.AdminAction methodName:editUser;userId:3;_csrf:96dc839c-f4c9-4897-a8a4-a4b0758d0547;status:1'),(302,4,'2017-04-29 12:19:05','127.0.0.1','http://localhost:8080/pouruan/Admin/User/listUser.do','classType:class com.pouruan.web.action.AdminAction methodName:showUser'),(303,4,'2017-04-29 12:19:08','127.0.0.1','http://localhost:8080/pouruan/Admin/User/listUser.do','classType:class com.pouruan.web.action.AdminAction methodName:showUser'),(304,4,'2017-04-29 12:19:15','127.0.0.1','http://localhost:8080/pouruan/Admin/User/listUser.do','classType:class com.pouruan.web.action.AdminAction methodName:showUser;userId:3;_csrf:96dc839c-f4c9-4897-a8a4-a4b0758d0547');

#
# Structure for table "admin"
#

DROP TABLE IF EXISTS `admin`;
CREATE TABLE `admin` (
  `user_id` int(11) NOT NULL DEFAULT '0' COMMENT '所属用户',
  `is_super` tinyint(1) NOT NULL DEFAULT '0' COMMENT '是否为超级管理员',
  `add_date` datetime NOT NULL COMMENT '添加的时间',
  PRIMARY KEY (`user_id`),
  UNIQUE KEY `user_id` (`user_id`),
  CONSTRAINT `fk_user_id` FOREIGN KEY (`user_id`) REFERENCES `user` (`user_id`) ON DELETE CASCADE ON UPDATE CASCADE
) ENGINE=InnoDB DEFAULT CHARSET=utf8 COMMENT='管理员';

#
# Data for table "admin"
#

INSERT INTO `admin` VALUES (3,0,'2017-03-19 17:47:14'),(4,0,'2017-03-10 08:30:39');

#
# Structure for table "admin_role"
#

DROP TABLE IF EXISTS `admin_role`;
CREATE TABLE `admin_role` (
  `admin_id` int(11) NOT NULL,
  `permission_id` int(11) NOT NULL DEFAULT '0' COMMENT '角色id',
  UNIQUE KEY `permissionId-roleId` (`permission_id`,`admin_id`),
  KEY `admin_id` (`admin_id`),
  CONSTRAINT `admin_role_ibfk_1` FOREIGN KEY (`admin_id`) REFERENCES `admin` (`user_id`) ON DELETE CASCADE ON UPDATE CASCADE,
  CONSTRAINT `permissionId-roleId` FOREIGN KEY (`permission_id`) REFERENCES `admin_role_permission` (`Id`) ON DELETE CASCADE ON UPDATE CASCADE
) ENGINE=InnoDB DEFAULT CHARSET=utf8 COMMENT='管理员角色';

#
# Data for table "admin_role"
#

INSERT INTO `admin_role` VALUES (3,1),(3,2),(4,2);

#
# Structure for table "user_info"
#

DROP TABLE IF EXISTS `user_info`;
CREATE TABLE `user_info` (
  `user_info_id` int(11) NOT NULL,
  `last_reply_post_time` datetime DEFAULT NULL COMMENT '用户最后回复帖子的时间',
  `last_add_post_time` datetime DEFAULT NULL COMMENT '用户最后发帖的时间',
  `last_send_message_time` datetime DEFAULT NULL COMMENT '用户最后发送消息的时间',
  PRIMARY KEY (`user_info_id`),
  CONSTRAINT `fk_user_info_id` FOREIGN KEY (`user_info_id`) REFERENCES `user` (`user_id`) ON DELETE CASCADE ON UPDATE CASCADE
) ENGINE=InnoDB DEFAULT CHARSET=utf8 COMMENT='用户信息';

#
# Data for table "user_info"
#

INSERT INTO `user_info` VALUES (2,'1899-12-29 00:00:00','1899-12-29 00:00:00','1899-12-29 00:00:00'),(3,'1899-12-29 00:00:00','1899-12-29 00:00:00','1899-12-29 00:00:00'),(4,'1899-12-29 00:00:00','1899-12-29 00:00:00','1899-12-29 00:00:00');

DROP VIEW IF EXISTS `theuser`;
CREATE VIEW `theuser` AS 
  select `a`.`user_id` AS `user_id`,`a`.`name` AS `name`,`a`.`password` AS `password`,`a`.`email` AS `email`,`a`.`is_check_email` AS `is_check_email`,`a`.`email_act_code` AS `email_act_code`,`a`.`phone` AS `phone`,`a`.`register_date` AS `register_date`,`a`.`register_ip` AS `register_ip`,`a`.`portrait_img` AS `portrait_img`,`a`.`status` AS `status`,`a`.`character` AS `character`,`b`.`user_info_id` AS `user_info_id`,`b`.`last_reply_post_time` AS `last_reply_post_time`,`b`.`last_add_post_time` AS `last_add_post_time`,`b`.`last_send_message_time` AS `last_send_message_time` from (`pouruan`.`user` `a` join `pouruan`.`user_info` `b`) where (`a`.`user_id` = `b`.`user_info_id`);
